cfips,pct_employed_at_self_employed,pct_employed_at_non_profit,pct_employed_at_government
01001,7.1,7.7,21.4
01003,14.7,5.7,13.5
01005,8.899999999999999,4.2,20.4
01007,7.699999999999999,3.5,14.1
01009,9.2,5.3,11.9
01011,9.100000000000001,6.8,17.7
01013,6.8,6.8,13.7
01015,8.3,6.0,19.0
01017,6.8,4.4,13.4
01019,12.9,3.3,15.0
01021,10.600000000000001,6.6,10.8
01023,5.6,3.4,16.7
01025,9.2,4.5,13.3
01027,11.899999999999999,2.9,13.9
01029,9.4,4.2,15.1
01031,8.5,4.9,22.1
01033,9.0,5.5,13.9
01035,6.199999999999999,4.3,16.4
01037,5.6,3.3,13.0
01039,9.7,7.0,18.1
01041,14.200000000000001,4.4,16.3
01043,11.100000000000001,4.9,12.8
01045,7.9,4.5,20.0
01047,7.4,4.3,12.8
01049,14.299999999999999,3.1,10.9
01051,7.1,7.6,20.9
01053,7.4,4.8,16.6
01055,9.3,4.4,14.7
01057,8.9,4.5,12.9
01059,9.8,3.2,14.3
01061,10.5,5.3,16.3
01063,9.1,4.2,23.9
01065,9.600000000000001,6.3,16.2
01067,10.100000000000001,5.1,13.7
01069,9.9,7.2,12.8
01071,9.0,3.7,16.8
01073,8.1,9.1,14.4
01075,9.3,9.2,16.2
01077,9.2,4.5,16.6
01079,6.8,5.2,14.4
01081,8.2,6.9,19.7
01083,9.7,5.2,15.6
01085,8.7,5.2,14.3
01087,9.2,9.1,18.8
01089,7.9,7.5,17.7
01091,9.6,6.0,17.6
01093,9.2,3.5,16.5
01095,11.0,4.1,13.0
01097,8.4,7.0,13.6
01099,6.4,4.6,13.3
01101,7.2,7.8,22.6
01103,7.8999999999999995,5.4,12.1
01105,6.0,2.9,23.6
01107,10.7,7.3,18.6
01109,8.8,4.5,18.5
01111,11.5,8.1,14.1
01113,6.2,5.9,17.4
01115,8.4,4.6,11.7
01117,9.7,8.9,12.8
01119,5.5,9.5,26.6
01121,7.6,5.6,16.1
01123,11.100000000000001,5.2,13.7
01125,8.0,7.8,18.8
01127,8.3,4.8,14.2
01129,6.6,4.8,10.2
01131,6.2,4.9,16.4
01133,15.1,4.6,12.3
02013,9.6,4.3,25.7
02016,3.9,2.3,19.7
02020,8.9,10.0,22.3
02050,5.6,21.0,47.7
02060,11.7,5.8,38.6
02063,15.2,14.4,23.0
02066,10.6,12.3,42.8
02068,8.8,5.3,17.1
02070,4.7,28.2,38.6
02090,10.2,9.2,28.2
02100,34.3,6.1,21.2
02105,16.3,8.8,36.8
02110,12.200000000000001,8.9,40.9
02122,15.2,12.8,20.9
02130,12.8,10.9,25.4
02150,11.5,9.4,25.5
02158,1.4000000000000001,9.6,59.3
02164,3.7,6.6,63.7
02170,12.4,7.5,19.5
02180,3.6,21.7,46.1
02185,1.8,3.2,32.9
02188,4.1,20.2,47.5
02195,19.700000000000003,6.4,23.9
02198,15.7,9.3,40.9
02220,16.3,10.0,30.5
02230,12.4,3.5,29.4
02240,11.8,3.6,41.0
02275,18.0,9.3,34.6
02282,16.7,1.0,55.3
02290,5.8,10.3,54.4
04001,6.1000000000000005,4.9,45.3
04003,9.8,7.2,28.7
04005,9.100000000000001,8.3,23.5
04007,11.2,5.8,23.4
04009,8.5,6.3,18.3
04011,5.300000000000001,4.8,15.7
04012,10.1,5.1,25.2
04013,10.2,6.5,11.2
04015,11.3,6.3,14.1
04017,9.899999999999999,7.5,32.5
04019,9.9,7.9,17.1
04021,8.2,5.9,16.6
04023,12.6,9.0,18.9
04025,16.3,8.1,14.1
04027,6.1,6.9,20.2
05001,12.7,5.2,19.0
05003,5.1,5.5,18.8
05005,13.9,9.0,12.4
05007,9.2,8.0,8.1
05009,11.0,8.8,15.6
05011,6.199999999999999,4.2,20.6
05013,3.6,4.8,21.8
05015,16.5,6.7,13.7
05017,6.5,6.9,20.1
05019,6.7,8.9,13.3
05021,14.3,6.1,14.7
05023,15.899999999999999,5.3,10.7
05025,10.1,7.5,19.0
05027,7.3,6.9,16.4
05029,14.7,5.8,13.0
05031,9.9,9.9,13.8
05033,9.399999999999999,5.5,10.9
05035,9.2,6.1,14.5
05037,9.0,4.9,17.8
05039,6.1,6.3,17.3
05041,8.7,3.0,24.9
05043,7.3999999999999995,5.0,24.8
05045,8.8,10.3,14.0
05047,9.2,4.0,19.4
05049,11.3,6.9,16.0
05051,11.8,7.0,11.7
05053,7.0,7.7,19.4
05055,11.1,8.7,12.7
05057,7.6,6.1,14.5
05059,7.9,8.1,15.0
05061,7.5,4.5,16.2
05063,9.2,8.3,17.4
05065,11.7,3.6,24.9
05067,11.5,5.9,18.0
05069,8.3,5.7,27.1
05071,9.9,9.5,11.8
05073,12.899999999999999,4.0,22.0
05075,11.7,6.5,18.4
05077,17.4,7.0,20.3
05079,9.3,5.7,23.3
05081,5.8,3.9,23.5
05083,10.0,9.8,17.2
05085,8.600000000000001,6.4,17.6
05087,15.0,8.1,13.1
05089,12.7,5.2,12.9
05091,7.3,6.4,19.0
05093,7.1,5.4,17.1
05095,12.100000000000001,6.5,15.3
05097,14.1,7.6,17.1
05099,15.8,3.2,18.8
05101,13.8,4.9,25.4
05103,7.3,5.6,22.5
05105,10.799999999999999,7.5,13.8
05107,9.2,6.5,24.6
05109,12.100000000000001,3.7,19.4
05111,11.4,4.5,13.9
05113,15.1,8.5,18.1
05115,11.1,6.7,13.2
05117,18.3,11.1,14.8
05119,8.8,9.4,18.6
05121,16.9,4.6,15.1
05123,11.3,5.1,16.9
05125,8.0,8.8,16.4
05127,11.0,3.8,16.4
05129,13.3,4.9,23.2
05131,9.5,7.8,11.3
05133,12.3,2.5,13.1
05135,11.3,5.4,19.3
05137,21.0,6.0,21.6
05139,8.399999999999999,4.0,17.4
05141,14.5,5.5,13.9
05143,9.3,6.8,14.7
05145,9.1,7.3,13.7
05147,12.7,4.9,13.4
05149,11.600000000000001,5.6,10.1
06001,9.9,8.5,13.0
06003,15.3,14.5,27.6
06005,17.6,6.2,20.9
06007,12.5,9.2,17.3
06009,17.4,6.4,18.4
06011,13.3,2.4,16.2
06013,11.4,8.1,14.1
06015,16.5,9.1,28.7
06017,15.0,8.4,17.5
06019,9.1,6.6,18.4
06021,13.4,5.7,15.7
06023,17.6,7.7,20.4
06025,8.5,4.4,25.1
06027,11.600000000000001,8.0,36.1
06029,9.4,4.5,17.4
06031,7.2,5.2,24.6
06033,16.6,5.3,19.4
06035,10.6,3.8,46.1
06037,13.3,6.8,12.0
06039,9.4,5.9,17.2
06041,22.6,9.2,10.7
06043,13.6,7.6,22.9
06045,19.7,10.1,17.1
06047,8.4,4.9,16.6
06049,16.6,7.0,32.4
06051,14.6,4.9,11.8
06053,10.899999999999999,5.4,16.1
06055,13.2,7.6,11.8
06057,22.2,8.0,13.4
06059,12.7,5.6,10.9
06061,12.5,7.7,16.7
06063,16.0,7.9,30.7
06065,10.4,5.1,15.2
06067,10.1,7.6,21.7
06069,9.8,5.8,14.9
06071,9.3,5.7,16.1
06073,11.9,7.2,14.1
06075,11.2,8.5,11.1
06077,9.100000000000001,5.9,14.6
06079,14.299999999999999,5.0,17.7
06081,10.9,8.0,10.9
06083,11.8,7.7,16.2
06085,8.3,6.7,9.5
06087,14.0,9.8,16.0
06089,12.7,8.8,17.0
06091,23.4,5.0,27.3
06093,15.2,8.8,26.2
06095,8.9,8.0,18.5
06097,14.8,8.1,13.7
06099,9.9,5.9,14.3
06101,10.8,5.5,18.1
06103,11.5,7.6,18.9
06105,29.9,4.4,31.1
06107,11.1,5.9,16.6
06109,16.8,8.1,19.7
06111,11.5,5.5,14.0
06113,9.2,7.1,28.2
06115,10.5,6.1,19.5
08001,8.4,6.2,11.6
08003,13.8,9.3,22.1
08005,10.2,7.4,11.8
08007,31.5,6.4,13.6
08009,24.299999999999997,8.5,21.8
08011,8.7,10.3,32.7
08013,14.3,8.9,13.7
08014,9.7,6.2,13.7
08015,19.3,4.9,17.3
08017,19.8,5.5,17.9
08019,13.799999999999999,9.4,16.9
08021,13.700000000000001,9.3,22.5
08023,14.299999999999999,5.7,28.5
08025,10.399999999999999,4.5,27.1
08027,20.299999999999997,8.1,15.4
08029,22.700000000000003,8.2,13.5
08031,10.4,9.9,11.1
08033,17.8,5.8,42.6
08035,12.3,6.3,11.6
08037,16.299999999999997,4.5,8.7
08039,16.700000000000003,5.6,15.0
08041,10.5,9.5,16.0
08043,15.5,8.7,22.3
08045,16.799999999999997,7.2,13.6
08047,15.2,7.0,19.9
08049,7.199999999999999,5.3,15.3
08051,16.7,5.0,18.3
08053,28.3,4.3,23.2
08055,22.299999999999997,6.6,19.6
08057,13.8,10.6,17.6
08059,12.1,7.5,13.2
08061,25.2,7.4,29.7
08063,16.1,4.5,21.9
08065,13.399999999999999,8.5,17.6
08067,18.1,8.3,16.5
08069,12.5,7.1,15.7
08071,13.7,6.6,24.3
08073,22.6,6.1,28.8
08075,12.0,5.7,21.5
08077,12.4,8.0,14.7
08079,27.099999999999998,9.0,27.0
08081,13.3,12.2,16.8
08083,12.399999999999999,7.9,25.9
08085,16.5,10.3,13.1
08087,13.8,6.0,11.9
08089,12.2,9.5,24.0
08091,28.1,6.9,16.1
08093,19.4,5.2,16.0
08095,22.1,5.2,12.2
08097,27.4,6.4,11.7
08099,13.600000000000001,9.0,13.7
08101,9.3,8.0,18.9
08103,11.3,5.2,25.9
08105,14.7,10.4,17.3
08107,12.3,7.3,12.0
08109,19.0,7.9,24.0
08111,31.799999999999997,2.6,20.0
08113,23.6,5.2,16.9
08115,14.4,6.3,20.2
08117,15.2,4.8,10.9
08119,12.6,12.1,15.8
08121,20.7,6.2,25.9
08123,10.399999999999999,6.4,12.8
08125,22.1,7.6,14.5
09001,12.8,8.5,9.8
09003,8.6,9.1,13.6
09005,12.6,9.2,12.9
09007,9.8,10.2,13.8
09009,9.0,12.7,12.9
09011,8.4,9.1,15.9
09013,8.1,8.8,18.0
09015,8.0,9.9,15.9
10001,7.9,6.8,20.8
10003,7.6,9.4,13.3
10005,12.3,7.7,16.1
11001,7.7,19.7,24.8
12001,8.2,10.2,26.8
12003,10.3,5.6,26.1
12005,11.6,4.9,17.3
12007,10.5,4.8,22.0
12009,10.5,6.8,13.3
12011,13.5,5.2,10.8
12013,12.100000000000001,8.3,26.0
12015,13.7,5.5,12.4
12017,12.7,5.8,10.9
12019,8.899999999999999,8.1,13.9
12021,16.6,5.9,8.2
12023,11.100000000000001,5.8,19.0
12027,13.7,4.4,13.9
12029,18.0,1.7,22.9
12031,8.6,8.5,11.2
12033,9.6,12.3,13.8
12035,13.3,7.6,12.0
12037,21.7,4.2,21.6
12039,7.6,4.6,33.2
12041,13.1,7.2,19.7
12043,13.4,5.7,10.5
12045,11.7,6.2,18.1
12047,7.6,7.2,23.2
12049,12.2,6.1,15.6
12051,7.7,7.6,10.9
12053,10.5,4.2,13.7
12055,12.600000000000001,8.7,12.8
12057,10.2,6.6,11.1
12059,9.8,8.0,19.4
12061,15.3,6.5,10.7
12063,8.3,6.0,29.2
12065,9.4,8.2,30.7
12067,5.5,9.2,19.8
12069,11.0,7.5,11.0
12071,12.5,6.9,10.6
12073,8.5,8.1,30.1
12075,15.6,5.2,19.0
12077,7.1,5.2,32.3
12079,10.2,7.3,25.8
12081,12.5,7.3,11.2
12083,12.5,5.7,13.2
12085,15.299999999999999,6.9,10.0
12086,14.5,5.2,9.5
12087,18.6,6.0,16.1
12089,10.3,7.6,14.1
12091,12.7,4.3,20.4
12093,14.0,5.0,19.5
12095,10.100000000000001,6.4,9.5
12097,9.0,5.8,10.2
12099,14.899999999999999,5.2,10.0
12101,11.3,6.3,11.6
12103,12.0,7.5,10.4
12105,8.9,6.5,10.2
12107,11.0,6.5,16.4
12109,13.5,9.3,12.7
12111,11.7,5.5,11.0
12113,10.5,8.5,15.3
12115,16.6,7.0,9.1
12117,11.1,8.1,10.6
12119,15.399999999999999,7.9,9.4
12121,12.600000000000001,7.9,18.1
12123,6.699999999999999,6.3,22.1
12125,9.1,6.2,34.6
12127,12.1,6.3,10.8
12129,12.299999999999999,5.0,31.1
12131,20.0,5.4,13.3
12133,10.3,4.6,22.5
13001,8.399999999999999,4.1,17.6
13003,8.0,2.3,14.6
13005,11.7,6.3,17.9
13007,12.700000000000001,6.2,29.2
13009,5.8,3.7,28.6
13011,10.5,4.6,14.6
13013,9.3,5.0,13.1
13015,9.9,5.2,12.6
13017,6.9,4.9,17.5
13019,10.8,4.7,18.1
13021,8.0,7.9,15.5
13023,4.3,2.4,35.5
13025,9.4,3.1,20.0
13027,12.7,5.7,16.6
13029,9.3,4.1,16.2
13031,8.8,4.6,23.2
13033,11.899999999999999,2.6,15.2
13035,7.9,4.7,15.9
13037,9.600000000000001,2.2,21.0
13039,8.7,5.0,24.8
13043,13.0,1.6,18.9
13045,9.7,5.4,13.2
13047,8.7,6.1,10.4
13049,8.0,4.6,21.2
13051,10.8,7.4,14.2
13053,4.9,3.3,38.2
13055,10.3,2.1,13.1
13057,11.1,5.3,10.7
13059,8.6,6.4,25.2
13061,11.5,3.7,12.3
13063,7.300000000000001,5.3,14.0
13065,8.8,5.0,19.7
13067,11.4,6.8,9.5
13069,11.4,2.9,13.2
13071,7.9,5.3,15.7
13073,8.1,4.2,23.4
13075,11.2,3.7,13.3
13077,8.4,5.7,12.6
13079,11.5,6.4,19.6
13081,9.9,3.4,19.5
13083,10.2,9.6,11.0
13085,10.4,3.3,15.3
13087,10.1,4.6,18.1
13089,9.0,8.8,12.8
13091,9.3,3.9,24.5
13093,7.6,4.4,21.5
13095,7.5,8.6,20.9
13097,9.3,6.3,13.8
13099,7.6,4.0,24.1
13101,15.5,1.9,13.4
13103,7.3,4.1,13.8
13105,9.1,3.4,17.8
13107,11.5,4.5,17.1
13109,8.6,2.7,21.6
13111,21.3,3.8,12.5
13113,12.1,7.1,13.9
13115,10.4,7.4,12.2
13117,12.399999999999999,4.9,8.7
13119,9.7,5.3,15.1
13121,11.2,6.8,11.1
13123,13.4,4.2,14.3
13125,5.2,3.1,14.3
13127,11.6,5.8,15.7
13129,10.9,4.3,13.3
13131,11.799999999999999,9.3,14.6
13133,12.2,4.9,15.7
13135,10.6,5.6,11.0
13137,9.3,8.0,13.5
13139,9.8,6.3,10.5
13141,7.8,4.5,35.2
13143,9.2,5.2,14.7
13145,10.8,7.2,17.6
13147,12.899999999999999,3.9,13.0
13149,9.0,3.4,17.3
13151,9.8,4.8,17.3
13153,7.6,4.9,28.7
13155,7.8,6.0,19.4
13157,10.0,5.7,14.4
13159,8.9,5.9,14.7
13161,6.2,4.3,15.3
13163,8.2,3.1,16.9
13165,19.6,3.3,20.6
13167,11.7,2.8,20.6
13169,8.8,3.0,19.8
13171,12.3,8.2,17.9
13173,8.8,4.3,21.7
13175,8.600000000000001,6.7,17.4
13177,10.1,8.1,24.6
13179,7.6,3.9,28.0
13181,11.9,2.7,23.5
13183,10.0,3.4,20.2
13185,8.3,6.1,17.1
13187,11.5,9.5,18.1
13189,6.800000000000001,5.0,14.8
13191,16.0,5.2,14.0
13193,11.100000000000001,3.1,17.9
13195,10.100000000000001,5.6,19.8
13197,12.7,4.3,14.3
13199,8.1,2.5,17.0
13201,14.4,3.1,23.1
13205,8.7,8.8,17.4
13207,13.399999999999999,7.0,17.8
13209,12.4,4.1,22.5
13211,13.3,6.2,19.9
13213,4.0,2.9,10.4
13215,7.4,6.0,19.2
13217,8.3,4.4,15.3
13219,15.899999999999999,7.0,20.3
13221,8.2,3.0,24.2
13223,8.2,5.6,13.6
13225,7.800000000000001,5.1,19.5
13227,11.3,7.9,13.0
13229,8.2,5.9,12.9
13231,7.8,4.9,25.4
13233,9.399999999999999,4.6,10.8
13235,5.3999999999999995,7.8,21.4
13237,12.399999999999999,4.7,15.8
13239,4.5,5.8,18.8
13241,16.1,5.5,9.5
13243,8.7,4.2,23.8
13245,5.300000000000001,5.9,20.8
13247,10.8,5.1,16.6
13249,7.8,2.3,24.1
13251,11.0,3.0,17.2
13253,14.0,6.0,18.7
13255,6.9,5.0,15.2
13257,11.100000000000001,6.2,15.5
13259,10.2,1.9,27.0
13261,7.2,9.2,18.2
13263,6.699999999999999,9.1,20.9
13265,12.1,1.2,15.8
13267,12.5,3.4,24.5
13269,8.8,6.8,22.1
13271,10.9,4.2,18.9
13273,8.9,4.3,19.0
13275,10.6,7.6,18.1
13277,8.3,10.2,14.5
13279,9.2,6.0,21.0
13281,13.299999999999999,9.2,19.2
13283,6.0,2.0,19.5
13285,6.8,5.7,13.6
13287,8.9,4.2,21.8
13289,12.3,4.0,21.0
13291,21.2,8.0,10.0
13293,6.3,3.3,22.3
13295,11.1,6.1,12.1
13297,12.2,4.0,16.1
13299,10.5,4.4,16.0
13301,8.3,0.7,17.5
13303,5.7,4.2,22.4
13305,12.2,2.2,17.8
13307,9.5,4.3,24.2
13309,10.299999999999999,1.7,23.7
13311,14.6,4.6,18.7
13313,6.800000000000001,5.0,9.9
13315,10.600000000000001,1.8,20.8
13317,10.5,4.0,18.1
13319,5.6,5.9,16.8
13321,11.1,6.1,13.4
15001,17.2,7.4,17.6
15003,9.1,8.3,22.4
15005,0.5,0.9,77.6
15007,15.2,6.2,16.0
15009,14.1,7.1,13.6
16001,11.4,9.3,14.0
16003,23.5,4.3,23.1
16005,8.8,5.7,19.3
16007,13.0,6.6,17.1
16009,13.2,9.8,19.2
16011,12.100000000000001,4.7,18.3
16013,20.5,4.5,10.1
16015,16.6,8.1,17.5
16017,20.3,6.8,12.3
16019,10.2,6.9,15.5
16021,17.7,6.9,15.2
16023,16.6,5.2,27.9
16025,25.9,7.2,14.9
16027,11.2,7.2,12.3
16029,16.5,5.0,14.5
16031,14.0,4.8,11.5
16033,9.100000000000001,0.0,27.0
16035,12.399999999999999,7.2,27.9
16037,36.9,1.6,18.8
16039,12.399999999999999,4.3,24.3
16041,10.0,8.0,9.5
16043,14.799999999999999,6.4,16.0
16045,14.899999999999999,5.0,13.7
16047,16.3,4.0,13.0
16049,19.4,5.9,16.6
16051,16.200000000000003,4.5,17.3
16053,13.0,6.8,9.1
16055,13.399999999999999,7.4,12.9
16057,9.2,6.1,28.9
16059,20.9,8.1,15.9
16061,14.2,6.7,27.6
16063,14.0,4.9,16.3
16065,9.2,13.7,12.8
16067,11.899999999999999,2.9,11.6
16069,9.8,5.5,18.7
16071,12.899999999999999,6.0,21.6
16073,14.899999999999999,6.1,14.5
16075,13.4,11.5,13.1
16077,11.6,3.9,20.3
16079,9.4,4.0,11.9
16081,23.2,4.4,11.0
16083,12.5,7.7,11.2
16085,18.1,9.3,17.5
16087,15.8,7.0,23.1
17001,9.2,12.8,11.3
17003,5.8,8.2,19.0
17005,9.3,7.1,15.5
17007,9.5,6.7,9.4
17009,11.5,12.4,13.6
17011,8.8,7.3,12.7
17013,14.9,5.8,13.7
17015,12.5,6.6,15.4
17017,8.0,7.9,14.9
17019,7.9,9.6,27.9
17021,9.0,9.3,15.5
17023,10.6,6.5,13.8
17025,9.5,8.2,14.4
17027,9.4,7.2,13.6
17029,7.699999999999999,10.5,16.9
17031,8.8,10.3,11.3
17033,10.4,9.9,16.5
17035,9.2,8.5,10.2
17037,7.6,7.8,16.1
17039,12.7,6.3,15.1
17041,11.5,6.8,12.6
17043,9.3,8.0,9.2
17045,9.8,11.1,11.5
17047,13.8,5.3,10.6
17049,11.3,7.6,8.5
17051,10.6,5.4,13.0
17053,13.8,9.0,12.6
17055,9.5,9.4,13.7
17057,9.2,9.4,15.3
17059,6.1000000000000005,7.2,12.2
17061,10.600000000000001,6.6,15.2
17063,5.7,6.1,10.7
17065,11.899999999999999,9.9,11.9
17067,13.3,9.1,12.0
17069,6.9,18.6,15.5
17071,10.5,8.0,12.6
17073,7.8999999999999995,8.7,14.0
17075,12.7,8.1,11.6
17077,8.6,11.5,22.4
17079,12.3,4.2,11.8
17081,8.9,11.4,11.2
17083,7.699999999999999,8.8,10.3
17085,18.0,9.6,9.4
17087,10.1,11.2,23.8
17089,8.5,6.4,10.1
17091,6.9,10.0,13.6
17093,7.2,5.5,13.9
17095,7.9,13.0,12.6
17097,9.8,6.8,10.0
17099,8.5,8.1,11.8
17101,9.1,8.0,10.6
17103,6.9,10.5,16.8
17105,9.2,8.7,14.3
17107,8.9,11.3,15.4
17109,7.8,7.3,24.1
17111,8.7,6.4,11.7
17113,4.9,10.4,14.9
17115,6.3,10.2,13.4
17117,9.7,7.9,14.0
17119,7.0,9.4,13.0
17121,7.7,8.2,16.1
17123,9.6,8.4,12.1
17125,11.3,5.3,14.6
17127,6.6,6.1,15.6
17129,9.3,12.3,23.7
17131,10.0,8.7,12.8
17133,7.1,10.4,12.5
17135,10.5,7.4,16.0
17137,9.4,10.6,16.8
17139,11.3,9.7,8.8
17141,8.600000000000001,8.4,14.8
17143,6.300000000000001,13.8,9.1
17145,8.1,11.6,18.6
17147,10.1,10.0,17.8
17149,14.0,9.6,16.3
17151,13.799999999999999,5.1,25.9
17153,10.0,6.3,26.3
17155,8.3,6.3,13.2
17157,7.800000000000001,7.8,19.1
17159,10.9,5.8,11.5
17161,6.3,10.2,12.5
17163,6.0,9.6,15.5
17165,10.8,7.0,21.0
17167,8.4,11.4,22.9
17169,13.6,6.3,17.6
17171,8.5,8.1,17.2
17173,9.100000000000001,8.6,13.4
17175,16.299999999999997,7.3,10.2
17177,10.0,11.3,12.6
17179,7.1000000000000005,10.8,11.1
17181,8.8,7.6,23.2
17183,10.9,7.3,15.1
17185,11.200000000000001,7.9,13.6
17187,10.7,15.9,13.9
17189,13.6,7.9,16.8
17191,11.9,7.8,11.0
17193,10.100000000000001,8.0,12.5
17195,7.8,9.0,13.8
17197,7.3,6.6,11.9
17199,8.9,9.9,20.1
17201,7.6,8.6,9.8
17203,7.5,11.9,10.5
18001,11.5,9.4,7.6
18003,7.300000000000001,11.0,8.4
18005,8.0,7.8,7.8
18007,13.2,6.9,15.1
18009,11.7,8.6,9.4
18011,8.8,10.8,9.8
18013,11.2,6.3,12.2
18015,9.9,8.9,10.3
18017,6.7,8.1,12.2
18019,6.699999999999999,6.3,10.3
18021,7.699999999999999,9.2,12.8
18023,9.9,6.0,10.3
18025,8.1,4.9,15.1
18027,10.8,9.3,10.8
18029,7.0,8.0,12.9
18031,8.399999999999999,7.6,7.2
18033,6.699999999999999,9.4,7.3
18035,6.1,12.3,14.7
18037,9.4,7.8,9.4
18039,8.9,8.9,7.4
18041,7.1,6.0,10.6
18043,8.9,7.9,9.8
18045,7.5,6.7,13.5
18047,10.6,7.0,9.3
18049,9.1,6.4,11.1
18051,5.6,9.9,7.4
18053,6.0,12.6,11.9
18055,8.9,8.2,19.0
18057,9.2,10.2,9.4
18059,6.9,8.1,14.0
18061,4.8,8.5,12.9
18063,7.7,9.2,12.3
18065,7.3,8.6,12.3
18067,7.5,8.1,10.1
18069,7.4,11.2,10.0
18071,9.100000000000001,6.5,9.7
18073,11.0,8.8,8.6
18075,9.5,6.1,8.6
18077,9.4,10.7,8.6
18079,9.0,7.7,9.6
18081,8.5,9.7,12.6
18083,6.5,15.3,12.5
18085,9.3,7.9,7.5
18087,11.8,5.9,6.3
18089,6.4,8.0,10.3
18091,7.8999999999999995,7.0,11.0
18093,6.699999999999999,7.9,15.3
18095,7.1000000000000005,8.5,9.8
18097,7.199999999999999,10.0,10.0
18099,6.3,9.1,8.4
18101,8.5,7.6,20.3
18103,7.199999999999999,8.7,12.6
18105,8.3,11.9,23.0
18107,8.9,6.7,10.5
18109,9.5,7.9,11.7
18111,8.3,5.7,9.0
18113,9.2,6.2,9.0
18115,9.6,7.4,15.9
18117,7.2,7.4,10.6
18119,11.4,6.3,10.8
18121,15.4,7.8,12.8
18123,6.3,7.8,9.9
18125,6.9,5.1,12.2
18127,7.800000000000001,8.2,10.3
18129,7.8999999999999995,8.5,12.2
18131,11.3,9.4,9.0
18133,7.5,9.4,12.5
18135,8.3,8.3,13.0
18137,9.0,8.3,9.5
18139,9.6,5.4,9.1
18141,6.6,15.3,9.5
18143,6.4,10.7,12.8
18145,10.8,7.2,9.9
18147,9.600000000000001,9.9,9.8
18149,7.7,9.7,10.6
18151,10.600000000000001,8.3,8.9
18153,6.7,6.2,14.2
18155,15.1,4.7,10.2
18157,6.6,10.0,18.3
18159,6.6,6.6,17.2
18161,8.5,8.2,12.5
18163,6.4,9.9,9.1
18165,9.399999999999999,8.2,14.9
18167,6.1,12.9,14.5
18169,9.4,11.6,8.3
18171,11.5,7.4,10.9
18173,7.800000000000001,9.6,11.3
18175,10.3,6.2,9.7
18177,8.2,13.3,9.9
18179,9.4,7.7,8.8
18181,11.0,8.9,13.3
18183,9.0,10.3,8.7
19001,14.899999999999999,7.2,15.6
19003,21.0,6.9,16.0
19005,16.2,10.7,12.6
19007,14.6,8.4,12.7
19009,15.100000000000001,10.1,16.1
19011,10.7,6.9,12.3
19013,7.4,9.2,12.8
19015,9.7,8.1,17.7
19017,11.299999999999999,13.8,13.9
19019,14.0,6.1,12.7
19021,11.6,9.2,11.2
19023,15.100000000000001,7.9,11.2
19025,19.9,10.9,15.3
19027,17.5,11.7,12.7
19029,12.200000000000001,7.6,16.4
19031,13.100000000000001,6.6,15.5
19033,10.7,11.4,10.2
19035,15.8,6.3,19.3
19037,13.7,8.3,13.8
19039,9.5,7.0,11.6
19041,12.2,9.0,11.5
19043,16.5,7.9,10.6
19045,9.7,9.8,9.3
19047,16.1,9.1,9.9
19049,8.899999999999999,7.8,12.4
19051,20.3,9.1,13.8
19053,14.600000000000001,12.2,16.2
19055,20.8,6.9,10.5
19057,8.1,8.3,11.5
19059,16.8,8.0,12.8
19061,8.3,11.1,10.0
19063,14.2,8.0,11.4
19065,13.0,10.4,13.8
19067,12.8,8.8,14.9
19069,13.7,4.1,16.7
19071,16.6,6.3,19.6
19073,13.5,12.2,13.4
19075,13.8,9.0,14.1
19077,14.0,7.8,12.9
19079,11.2,4.6,19.4
19081,13.0,5.8,10.3
19083,13.7,5.1,15.2
19085,13.2,9.1,13.7
19087,11.1,6.4,13.4
19089,18.7,11.3,12.4
19091,16.6,4.9,11.7
19093,15.6,6.1,11.1
19095,12.100000000000001,7.1,15.7
19097,11.1,7.7,10.7
19099,11.5,6.9,11.5
19101,16.5,11.0,12.5
19103,7.800000000000001,10.6,26.7
19105,17.6,5.3,13.4
19107,15.4,6.5,15.3
19109,17.6,6.3,10.4
19111,9.6,8.0,14.7
19113,7.5,8.3,10.2
19115,8.8,3.7,12.1
19117,9.4,6.0,14.0
19119,18.6,9.9,16.0
19121,12.3,6.9,13.1
19123,13.4,7.5,11.0
19125,9.100000000000001,10.4,12.9
19127,8.6,6.2,13.6
19129,11.4,11.1,17.4
19131,19.8,8.6,12.5
19133,13.7,8.9,11.0
19135,14.1,6.5,14.3
19137,12.4,9.1,13.8
19139,9.7,4.8,13.6
19141,15.7,11.2,12.8
19143,18.7,8.5,9.9
19145,14.1,7.8,13.3
19147,11.5,7.9,15.2
19149,14.3,9.3,9.2
19151,17.0,5.7,14.9
19153,7.6,9.3,11.4
19155,8.1,8.5,12.8
19157,10.899999999999999,14.7,11.2
19159,23.0,10.0,13.9
19161,19.5,7.5,12.2
19163,8.0,8.8,12.3
19165,18.8,6.9,12.0
19167,15.2,12.9,10.7
19169,7.4,6.2,28.7
19171,11.2,7.4,14.1
19173,15.799999999999999,5.0,14.3
19175,14.6,9.6,13.4
19177,18.6,6.4,12.6
19179,8.5,7.5,12.0
19181,9.100000000000001,8.4,13.3
19183,15.4,6.9,18.5
19185,16.7,8.3,16.7
19187,11.2,11.2,12.6
19189,10.8,11.4,9.3
19191,13.399999999999999,17.3,10.1
19193,7.199999999999999,9.2,10.8
19195,12.3,9.6,12.0
19197,14.5,5.7,11.8
20001,10.5,5.3,18.2
20003,17.4,10.5,17.5
20005,8.4,13.7,11.7
20007,24.2,11.1,18.3
20009,10.399999999999999,9.3,15.8
20011,10.399999999999999,7.4,13.9
20013,15.2,8.3,14.4
20015,9.5,8.0,17.1
20017,12.299999999999999,8.5,17.0
20019,12.600000000000001,10.7,23.7
20021,9.3,8.5,12.9
20023,25.599999999999998,7.4,16.8
20025,21.7,8.9,18.5
20027,15.7,6.6,25.6
20029,15.5,10.8,19.2
20031,11.799999999999999,7.3,19.6
20033,20.9,8.7,20.6
20035,10.2,10.7,18.7
20037,8.2,6.9,20.0
20039,20.3,4.5,20.3
20041,14.5,7.1,17.9
20043,11.2,8.2,13.9
20045,7.8,10.1,21.3
20047,23.0,5.5,21.6
20049,11.9,8.6,26.1
20051,9.5,10.9,20.3
20053,14.100000000000001,10.6,19.3
20055,7.1,6.0,13.7
20057,10.299999999999999,4.7,11.3
20059,9.6,5.6,13.0
20061,6.2,4.8,35.2
20063,21.799999999999997,5.2,19.6
20065,18.3,9.7,22.3
20067,12.100000000000001,2.6,13.2
20069,19.3,4.4,14.6
20071,17.6,3.6,22.8
20073,14.2,6.8,20.9
20075,16.9,7.4,10.7
20077,14.2,10.1,18.9
20079,8.8,12.9,14.2
20081,26.0,6.4,14.3
20083,19.9,7.6,20.2
20085,13.399999999999999,8.0,22.1
20087,11.8,8.0,22.7
20089,24.8,13.0,18.6
20091,10.3,8.0,10.8
20093,16.2,4.7,14.9
20095,22.0,6.8,16.0
20097,20.3,12.5,20.2
20099,8.7,11.0,19.2
20101,25.400000000000002,4.8,18.0
20103,8.0,5.5,25.9
20105,23.1,5.9,21.1
20107,14.799999999999999,6.8,18.8
20109,16.9,9.2,22.6
20111,7.7,6.4,21.8
20113,10.600000000000001,9.7,11.4
20115,12.0,13.3,15.3
20117,14.8,7.3,16.8
20119,17.2,7.1,22.3
20121,13.2,6.3,12.6
20123,15.8,6.4,16.5
20125,11.6,8.0,14.7
20127,14.4,9.3,21.1
20129,10.9,1.8,26.7
20131,15.5,11.5,11.4
20133,8.4,7.2,21.6
20135,20.900000000000002,7.5,19.3
20137,9.1,9.4,23.8
20139,10.2,9.2,19.2
20141,22.1,5.4,22.0
20143,13.9,10.2,19.9
20145,16.1,3.6,34.8
20147,16.0,9.9,18.3
20149,8.2,8.3,24.3
20151,10.799999999999999,9.6,17.7
20153,24.0,6.6,16.7
20155,8.9,10.0,14.9
20157,19.6,7.9,17.9
20159,9.1,14.1,17.9
20161,7.6,4.9,32.1
20163,13.0,5.0,20.9
20165,18.9,5.9,21.2
20167,11.899999999999999,10.0,19.9
20169,7.7,10.0,16.4
20171,22.5,10.3,7.8
20173,7.9,7.5,12.8
20175,8.6,3.8,16.2
20177,7.800000000000001,10.9,19.9
20179,31.7,5.3,17.2
20181,24.400000000000002,2.0,23.5
20183,17.2,9.2,14.7
20185,21.799999999999997,8.0,20.2
20187,27.1,2.3,16.4
20189,19.6,4.1,20.1
20191,10.5,6.2,18.2
20193,11.2,9.1,20.7
20195,29.3,4.9,15.8
20197,14.5,4.6,26.3
20199,29.4,7.0,21.0
20201,19.2,7.8,16.6
20203,16.1,7.7,25.6
20205,12.2,5.4,20.2
20207,20.9,3.0,21.8
20209,5.6,5.9,12.3
21001,12.3,7.6,15.6
21003,11.5,6.7,12.6
21005,8.8,5.8,24.5
21007,10.3,5.2,13.4
21009,11.799999999999999,4.8,11.9
21011,11.9,4.5,11.9
21013,7.1,9.8,15.8
21015,6.9,7.4,10.2
21017,11.1,6.6,13.1
21019,7.6,13.2,14.4
21021,7.5,10.8,12.9
21023,10.7,6.6,13.5
21025,6.5,6.3,28.4
21027,10.2,7.0,16.7
21029,6.4,4.0,10.8
21031,9.3,6.3,17.6
21033,8.2,3.7,14.8
21035,8.399999999999999,7.0,19.2
21037,6.6,9.8,12.0
21039,8.4,4.2,15.7
21041,7.800000000000001,4.6,10.6
21043,7.699999999999999,10.5,20.0
21045,10.899999999999999,4.0,16.9
21047,9.3,7.4,17.8
21049,8.0,6.6,14.5
21051,7.5,5.6,19.4
21053,10.6,4.3,17.4
21055,11.6,4.9,14.0
21057,19.6,10.4,14.4
21059,7.6,9.7,12.7
21061,6.8,8.8,15.7
21063,19.7,4.7,16.2
21065,4.7,7.3,19.2
21067,9.1,9.2,16.9
21069,11.799999999999999,5.4,17.3
21071,7.3,11.2,17.9
21073,7.0,5.6,30.1
21075,10.4,1.4,15.6
21077,5.800000000000001,3.7,12.5
21079,11.700000000000001,6.9,15.5
21081,6.5,4.4,13.0
21083,10.3,7.2,13.9
21085,9.100000000000001,8.3,13.0
21087,10.8,4.4,12.3
21089,6.9,8.8,15.4
21091,5.2,5.1,11.1
21093,6.1,4.9,18.9
21095,6.4,14.1,19.3
21097,9.5,4.2,15.9
21099,12.1,4.2,11.6
21101,6.800000000000001,8.6,12.3
21103,12.0,7.0,15.7
21105,13.100000000000001,11.2,11.7
21107,6.2,9.1,16.2
21109,8.299999999999999,3.6,23.9
21111,8.0,8.5,10.3
21113,11.6,9.5,12.5
21115,8.8,9.0,18.9
21117,6.2,9.3,10.4
21119,7.5,15.3,18.9
21121,8.3,8.5,15.2
21123,10.1,4.0,13.3
21125,8.6,7.9,13.3
21127,7.2,6.9,21.7
21129,9.700000000000001,3.8,24.4
21131,4.1,6.8,26.7
21133,9.8,10.3,22.3
21135,15.3,5.4,9.6
21137,14.9,6.2,18.4
21139,11.0,6.0,18.2
21141,10.899999999999999,6.6,12.1
21143,10.2,7.8,22.7
21145,7.8,6.1,12.9
21147,8.9,3.7,19.4
21149,11.3,6.1,15.9
21151,8.6,8.9,18.4
21153,4.5,8.1,23.2
21155,11.2,4.7,17.2
21157,9.6,7.8,15.5
21159,2.4,4.7,30.3
21161,8.8,7.7,11.0
21163,8.2,5.8,20.1
21165,13.399999999999999,8.4,14.0
21167,9.2,6.1,13.4
21169,10.899999999999999,7.2,14.6
21171,17.3,4.4,14.4
21173,4.9,7.1,13.6
21175,8.7,9.1,25.9
21177,9.4,5.3,15.5
21179,8.6,7.1,13.0
21181,8.8,2.4,12.4
21183,10.399999999999999,7.2,14.6
21185,10.8,7.4,11.8
21187,12.0,3.5,17.4
21189,5.5,4.3,27.4
21191,6.0,4.9,15.6
21193,5.8,10.8,21.6
21195,6.7,7.8,18.9
21197,7.9,6.0,19.0
21199,9.7,6.2,16.6
21201,13.3,3.5,23.0
21203,6.800000000000001,8.5,18.4
21205,6.300000000000001,13.1,22.4
21207,10.2,7.2,14.8
21209,7.4,4.8,14.6
21211,10.8,5.5,12.4
21213,10.2,4.4,10.6
21215,7.5,8.1,11.9
21217,8.6,8.7,12.0
21219,15.0,4.5,18.2
21221,8.0,9.4,23.4
21223,11.899999999999999,4.1,9.7
21225,7.1000000000000005,6.4,18.4
21227,8.7,8.1,13.7
21229,9.799999999999999,6.3,14.2
21231,9.600000000000001,5.7,12.5
21233,6.9,4.0,17.8
21235,6.9,10.4,22.1
21237,15.7,3.4,25.2
21239,12.6,7.9,16.6
22001,9.8,4.6,12.4
22003,8.3,3.4,19.4
22005,9.0,4.0,15.0
22007,7.699999999999999,2.2,18.1
22009,12.4,3.2,21.7
22011,8.5,6.4,15.9
22013,8.5,2.2,21.1
22015,10.600000000000001,7.8,16.5
22017,10.5,8.2,15.1
22019,8.0,5.4,13.4
22021,7.2,2.5,20.2
22023,11.100000000000001,2.4,10.5
22025,12.600000000000001,5.4,30.2
22027,9.3,3.0,19.8
22029,9.1,4.7,17.9
22031,9.4,7.4,15.8
22033,8.7,6.9,17.3
22035,11.100000000000001,3.3,21.6
22037,7.7,3.9,19.5
22039,8.4,6.5,14.7
22041,10.2,6.4,19.0
22043,6.300000000000001,2.1,19.0
22045,11.7,4.4,11.1
22047,6.1,6.5,27.1
22049,10.3,2.8,23.2
22051,11.3,7.4,12.2
22053,11.2,3.9,16.8
22055,12.7,5.7,13.4
22057,10.2,6.3,12.7
22059,10.4,2.5,17.1
22061,9.0,5.8,21.3
22063,10.5,4.6,14.7
22065,13.6,1.8,25.4
22067,7.1000000000000005,4.6,11.7
22069,7.3,6.5,17.1
22071,11.5,12.5,13.8
22073,7.7,7.5,14.4
22075,9.8,6.9,18.3
22077,7.8,5.4,20.5
22079,9.3,6.6,23.7
22081,8.600000000000001,6.9,23.0
22083,9.4,6.2,18.2
22085,7.1,3.8,15.2
22087,10.2,4.8,15.8
22089,9.4,4.5,17.0
22091,11.7,4.8,20.4
22093,7.199999999999999,3.8,13.9
22095,7.8,4.9,15.7
22097,10.4,4.6,12.9
22099,11.8,3.1,14.0
22101,7.2,4.7,12.8
22103,13.3,6.5,12.4
22105,8.3,6.4,16.7
22107,3.8,4.4,30.7
22109,9.0,5.9,11.5
22111,12.200000000000001,5.9,12.0
22113,13.0,4.9,13.1
22115,8.4,4.9,27.6
22117,9.5,4.3,17.1
22119,12.1,4.2,15.3
22121,9.1,5.9,17.7
22123,8.8,6.9,15.4
22125,9.7,4.2,32.2
22127,6.699999999999999,1.3,24.1
23001,8.9,12.8,10.9
23003,10.6,14.3,17.3
23005,12.5,14.9,10.4
23007,15.0,12.4,14.8
23009,20.5,19.6,12.0
23011,11.1,13.8,18.2
23013,23.5,12.4,11.0
23015,19.6,13.3,14.4
23017,13.5,12.5,13.4
23019,9.7,16.4,14.8
23021,13.799999999999999,11.0,15.1
23023,13.5,8.1,14.6
23025,12.6,11.2,13.7
23027,17.5,12.9,12.7
23029,21.0,12.3,20.0
23031,12.2,11.5,14.2
24001,8.1,9.0,20.1
24003,9.1,8.0,22.7
24005,8.4,11.2,17.7
24009,8.4,5.4,28.9
24011,12.5,9.0,16.8
24013,9.8,7.6,18.7
24015,7.5,7.8,18.5
24017,6.5,6.2,33.7
24019,12.4,6.5,19.1
24021,9.1,8.4,20.4
24023,15.2,8.1,17.8
24025,7.3999999999999995,8.3,21.1
24027,9.3,11.0,23.4
24029,15.3,8.1,14.5
24031,10.6,11.6,21.4
24033,6.800000000000001,9.5,25.7
24035,13.5,7.7,19.9
24037,7.0,6.0,32.4
24039,11.100000000000001,10.9,26.1
24041,18.200000000000003,10.6,15.1
24043,7.800000000000001,8.8,17.4
24045,8.7,7.9,19.4
24047,16.1,6.4,16.7
24510,6.0,14.6,18.5
25001,15.7,12.0,12.7
25003,12.2,19.6,12.8
25005,7.4,9.6,12.7
25007,29.0,13.3,12.6
25009,9.5,10.9,11.5
25011,14.2,13.1,19.4
25013,7.5,10.6,15.7
25015,10.1,16.8,21.2
25017,9.0,14.5,11.0
25019,27.0,10.3,11.8
25021,8.9,14.1,11.7
25023,9.2,10.3,13.0
25025,6.199999999999999,17.8,10.7
25027,8.5,10.1,13.1
26001,11.600000000000001,7.7,12.8
26003,8.8,8.1,17.1
26005,10.7,8.6,6.9
26007,9.8,13.0,8.6
26009,14.399999999999999,6.9,11.4
26011,10.8,7.3,10.1
26013,8.5,8.3,23.3
26015,10.7,8.4,8.1
26017,9.899999999999999,9.8,10.0
26019,11.0,13.8,16.9
26021,9.7,10.6,10.2
26023,10.3,6.5,10.4
26025,6.8999999999999995,8.9,12.7
26027,8.8,9.8,8.8
26029,15.6,9.7,10.4
26031,12.399999999999999,6.9,12.7
26033,9.5,9.6,27.4
26035,12.399999999999999,7.4,10.2
26037,9.6,7.9,17.4
26039,8.5,8.9,18.7
26041,8.2,10.4,13.6
26043,7.8999999999999995,7.3,14.9
26045,6.4,9.8,18.1
26047,14.1,11.0,10.1
26049,8.3,9.2,9.2
26051,11.1,7.1,11.8
26053,9.0,7.6,19.1
26055,12.9,11.2,8.8
26057,8.4,13.4,13.5
26059,10.2,10.6,10.8
26061,10.2,12.9,20.5
26063,13.9,6.4,9.4
26065,6.6,12.3,19.9
26067,8.3,7.2,13.1
26069,10.5,8.8,10.9
26071,11.8,8.8,16.1
26073,8.0,10.5,14.9
26075,8.3,10.9,10.9
26077,7.300000000000001,11.7,11.4
26079,9.1,6.9,9.8
26081,8.7,12.9,7.4
26083,17.0,9.4,26.0
26085,13.6,7.7,15.2
26087,10.5,6.9,8.2
26089,19.6,11.8,11.6
26091,8.9,10.1,11.9
26093,9.7,7.3,9.4
26095,8.8,9.5,22.0
26097,12.5,9.0,24.1
26099,7.6,7.7,9.2
26101,11.7,8.1,15.5
26103,8.4,7.3,15.8
26105,9.9,8.8,14.2
26107,8.0,9.6,14.1
26109,10.600000000000001,6.6,11.7
26111,8.1,9.8,10.2
26113,13.1,7.6,10.5
26115,6.9,8.5,9.2
26117,11.2,8.3,9.7
26119,16.3,7.7,13.7
26121,6.7,8.8,10.6
26123,10.3,9.4,12.8
26125,9.9,8.2,8.2
26127,12.4,7.6,12.1
26129,11.1,7.7,11.5
26131,13.2,10.0,20.8
26133,10.8,8.1,12.4
26135,14.600000000000001,5.7,13.8
26137,11.1,8.8,13.8
26139,7.8,11.0,8.1
26141,12.5,9.1,14.6
26143,14.8,8.6,14.0
26145,7.4,9.6,10.3
26147,9.1,7.0,11.6
26149,9.399999999999999,7.5,8.1
26151,13.4,6.6,11.4
26153,13.7,8.3,17.1
26155,9.399999999999999,8.3,10.1
26157,10.399999999999999,8.0,10.4
26159,10.7,8.1,11.1
26161,8.0,14.4,18.7
26163,6.8,8.9,9.9
26165,10.7,7.9,8.7
27001,14.2,12.2,16.9
27003,8.1,7.8,11.8
27005,16.5,10.3,16.5
27007,10.4,10.6,27.3
27009,8.5,12.5,12.9
27011,19.6,11.6,14.0
27013,8.2,10.8,14.6
27015,12.2,9.7,10.2
27017,7.5,11.0,21.9
27019,10.7,8.0,9.6
27021,14.7,11.5,15.9
27023,12.899999999999999,7.3,14.1
27025,9.9,11.2,13.0
27027,8.0,12.6,16.5
27029,14.1,9.5,16.9
27031,18.2,13.3,26.0
27033,13.3,11.6,13.0
27035,14.6,10.1,12.8
27037,7.3,9.2,12.0
27039,11.3,18.7,11.8
27041,12.4,7.7,13.7
27043,16.4,9.6,11.3
27045,14.7,15.8,12.0
27047,10.8,13.4,9.8
27049,11.1,13.2,11.3
27051,19.4,8.2,14.5
27053,8.7,11.5,10.6
27055,12.5,13.0,10.2
27057,13.9,9.8,17.3
27059,11.1,11.1,12.5
27061,9.8,11.7,15.4
27063,14.100000000000001,7.0,10.4
27065,12.1,10.3,15.5
27067,10.7,9.8,12.6
27069,17.1,9.4,13.2
27071,12.4,10.0,16.6
27073,22.700000000000003,12.7,12.0
27075,11.6,9.6,15.7
27077,13.100000000000001,6.4,13.8
27079,12.100000000000001,7.7,12.1
27081,20.8,8.2,14.4
27083,11.8,9.6,13.0
27085,10.3,7.5,8.0
27087,13.3,8.0,34.9
27089,17.7,7.7,14.0
27091,14.3,11.8,10.4
27093,11.7,8.5,11.7
27095,10.4,10.6,13.9
27097,13.600000000000001,10.1,13.5
27099,8.6,12.9,11.2
27101,18.6,10.5,13.1
27103,9.3,13.3,11.9
27105,11.2,9.2,12.8
27107,17.5,8.4,17.0
27109,7.5,31.8,10.0
27111,13.5,10.1,14.3
27113,9.6,5.9,9.2
27115,11.6,7.5,19.5
27117,15.1,11.0,13.6
27119,11.0,13.3,14.9
27121,14.5,10.3,13.0
27123,7.6,14.1,13.2
27125,11.200000000000001,8.1,13.3
27127,17.4,7.7,13.6
27129,16.8,7.4,12.3
27131,9.6,10.6,10.8
27133,13.1,12.5,14.7
27135,11.8,7.2,10.2
27137,7.9,14.0,14.9
27139,9.2,8.4,9.4
27141,8.7,7.2,10.9
27143,14.0,7.5,10.9
27145,9.4,13.6,12.0
27147,8.6,7.8,12.0
27149,11.4,9.0,21.9
27151,15.6,8.2,15.9
27153,16.0,9.5,10.0
27155,22.9,7.2,19.2
27157,15.7,14.9,9.4
27159,11.6,11.0,10.9
27161,11.0,8.9,13.1
27163,8.6,10.2,13.1
27165,12.600000000000001,9.5,15.2
27167,15.1,11.2,15.0
27169,8.9,13.6,11.1
27171,9.7,7.3,10.0
27173,16.1,9.3,11.4
28001,8.399999999999999,3.8,20.2
28003,7.6,5.5,16.8
28005,12.3,3.5,25.0
28007,8.0,3.6,17.9
28009,8.0,1.8,13.8
28011,11.0,5.1,25.4
28013,7.5,3.3,12.5
28015,9.299999999999999,4.4,21.4
28017,13.600000000000001,1.4,13.9
28019,7.1,8.0,22.6
28021,4.800000000000001,0.9,36.5
28023,10.9,7.7,14.1
28025,9.0,6.8,13.5
28027,8.6,4.6,23.4
28029,6.4,6.0,17.1
28031,10.0,3.3,17.5
28033,8.4,6.8,12.6
28035,6.9,6.6,19.6
28037,6.699999999999999,7.5,12.3
28039,10.6,4.0,14.2
28041,14.3,4.0,18.5
28043,9.7,5.1,25.5
28045,11.6,8.1,17.9
28047,9.1,4.5,19.2
28049,7.4,7.5,22.6
28051,4.8,6.1,20.1
28053,12.600000000000001,2.8,18.8
28055,5.6,1.2,25.8
28057,8.3,4.9,14.9
28059,7.800000000000001,4.9,17.3
28061,7.6,5.0,12.8
28063,7.6,3.8,34.1
28065,6.4,5.7,20.7
28067,9.0,3.8,16.5
28069,4.4,4.1,25.7
28071,10.1,7.2,27.5
28073,12.9,5.3,18.0
28075,7.4,6.3,20.5
28077,6.5,5.3,16.6
28079,8.3,5.0,18.6
28081,9.4,7.8,11.7
28083,11.1,6.1,17.8
28085,11.1,4.6,13.6
28087,8.2,6.3,17.8
28089,10.3,7.9,19.6
28091,12.899999999999999,5.2,12.7
28093,7.5,6.0,13.0
28095,7.4,4.9,12.2
28097,5.3,4.9,21.8
28099,10.0,3.7,27.7
28101,9.5,4.7,20.4
28103,7.2,1.1,15.1
28105,6.699999999999999,4.2,32.5
28107,7.0,5.1,20.4
28109,11.4,4.2,17.3
28111,8.5,4.5,18.0
28113,9.5,5.5,14.1
28115,6.5,5.7,14.1
28117,11.6,4.2,14.4
28119,10.4,4.2,28.0
28121,8.7,6.4,20.3
28123,10.3,3.7,12.2
28125,10.0,4.1,29.6
28127,6.6,5.3,21.9
28129,11.7,8.6,18.4
28131,10.9,2.8,17.6
28133,7.5,6.0,25.0
28135,12.4,5.5,27.1
28137,9.4,5.9,12.5
28139,7.4,3.5,11.5
28141,8.899999999999999,7.1,13.7
28143,9.3,7.3,12.8
28145,7.7,5.2,13.1
28147,12.700000000000001,3.5,18.0
28149,7.199999999999999,5.2,20.8
28151,8.8,4.1,20.3
28153,13.9,3.4,23.2
28155,8.3,8.4,22.4
28157,11.4,2.9,23.7
28159,9.2,2.7,19.4
28161,8.7,4.5,14.4
28163,8.0,7.9,22.1
29001,10.1,11.8,16.2
29003,8.3,13.2,17.0
29005,17.6,10.9,16.7
29007,9.3,7.5,15.9
29009,11.0,6.8,8.5
29011,14.5,6.0,12.1
29013,14.0,6.5,11.1
29015,13.3,9.4,16.3
29017,10.6,9.0,10.9
29019,7.8,9.6,21.7
29021,6.0,8.6,13.4
29023,9.5,5.8,15.4
29025,11.399999999999999,7.5,15.3
29027,9.5,9.2,22.6
29029,13.4,9.9,9.3
29031,8.7,12.3,15.2
29033,14.6,8.6,16.1
29035,21.5,8.4,10.5
29037,9.1,7.7,11.1
29039,19.299999999999997,10.8,13.8
29041,15.899999999999999,9.7,15.1
29043,9.7,13.0,10.9
29045,14.2,4.0,10.4
29047,7.4,9.2,12.0
29049,10.8,9.1,12.3
29051,7.0,8.9,26.3
29053,9.3,8.3,17.5
29055,9.600000000000001,9.0,13.5
29057,12.7,10.0,13.6
29059,16.2,10.7,9.7
29061,15.8,5.0,20.5
29063,13.5,7.5,19.6
29065,8.5,8.5,14.8
29067,17.4,7.8,11.8
29069,11.9,7.6,16.0
29071,9.0,7.0,9.6
29073,13.8,9.8,10.2
29075,14.8,11.1,11.8
29077,8.5,11.4,10.5
29079,12.100000000000001,10.3,16.3
29081,11.2,10.3,19.0
29083,10.799999999999999,8.5,10.4
29085,17.7,15.9,13.6
29087,17.6,5.8,17.3
29089,11.1,10.9,17.9
29091,10.9,10.6,18.6
29093,12.7,5.8,18.7
29095,7.8,9.0,11.6
29097,8.6,10.1,9.6
29099,7.1,8.7,9.3
29101,8.7,9.1,22.3
29103,19.7,8.5,9.9
29105,9.600000000000001,8.8,9.7
29107,8.1,8.7,10.5
29109,10.2,7.6,11.5
29111,9.4,9.2,10.3
29113,8.0,5.6,10.3
29115,13.6,7.7,19.4
29117,10.899999999999999,8.2,19.6
29119,10.7,8.3,7.2
29121,11.700000000000001,9.4,14.0
29123,9.6,10.4,12.0
29125,13.1,6.8,24.8
29127,8.1,12.5,16.3
29129,17.0,8.7,15.2
29131,10.1,5.9,19.8
29133,9.0,5.6,13.0
29135,13.4,6.6,19.2
29137,13.4,6.4,14.5
29139,12.799999999999999,7.7,14.6
29141,19.0,5.5,12.6
29143,9.5,6.6,16.3
29145,13.7,8.3,8.4
29147,10.7,10.0,19.3
29149,16.7,6.4,10.4
29151,11.700000000000001,7.5,23.2
29153,20.1,6.0,10.1
29155,8.5,6.8,16.2
29157,9.899999999999999,9.0,8.9
29159,13.7,8.3,11.1
29161,8.1,10.3,23.2
29163,10.8,7.4,16.9
29165,8.3,9.6,11.8
29167,14.4,13.3,10.6
29169,7.199999999999999,8.2,30.4
29171,12.299999999999999,11.3,17.3
29173,13.0,6.4,15.4
29175,8.9,8.9,15.4
29177,10.9,7.7,11.0
29179,10.1,5.2,17.4
29181,11.6,6.3,10.4
29183,7.1,9.4,9.5
29185,16.5,9.6,16.8
29186,7.800000000000001,9.7,11.7
29187,7.7,6.5,20.5
29189,8.6,13.1,9.4
29195,10.600000000000001,9.1,16.4
29197,11.0,8.7,14.6
29199,20.4,8.8,16.5
29201,7.1,9.4,14.0
29203,20.0,13.0,18.2
29205,21.5,10.2,13.5
29207,11.1,7.3,13.5
29209,12.5,7.7,12.2
29211,11.399999999999999,8.4,14.9
29213,11.4,9.8,11.3
29215,14.3,8.3,21.2
29217,13.7,10.6,16.8
29219,7.5,9.5,7.9
29221,9.7,8.6,16.7
29223,12.5,6.1,12.2
29225,15.6,8.3,10.5
29227,13.2,10.1,17.2
29229,15.3,7.6,14.0
29510,6.4,17.6,10.5
30001,16.9,8.4,17.1
30003,11.2,10.1,40.9
30005,13.5,8.0,33.9
30007,14.100000000000001,8.1,17.7
30009,22.4,10.0,13.6
30011,43.699999999999996,7.6,15.4
30013,11.4,13.0,16.7
30015,27.299999999999997,8.6,28.0
30017,14.0,10.8,20.1
30019,31.3,8.6,15.3
30021,17.5,9.2,22.6
30023,8.1,8.5,26.9
30025,18.2,7.7,14.4
30027,22.6,14.4,12.7
30029,14.5,8.2,11.2
30031,17.7,8.2,13.3
30033,45.4,0.9,18.3
30035,8.7,4.3,44.8
30037,24.5,6.7,19.8
30039,21.6,4.4,13.4
30041,13.5,8.6,22.1
30043,15.7,7.8,23.2
30045,39.8,2.8,14.6
30047,16.0,11.6,23.2
30049,11.9,12.2,27.2
30051,23.5,6.5,20.0
30053,18.799999999999997,7.2,19.0
30055,40.2,4.0,13.6
30057,22.200000000000003,5.2,11.6
30059,28.4,2.4,13.8
30061,17.3,6.2,15.1
30063,12.7,9.8,14.3
30065,18.0,8.8,17.0
30067,22.5,8.3,12.9
30069,36.9,2.8,16.5
30071,21.2,4.8,22.9
30073,18.8,11.9,22.5
30075,36.3,5.8,20.2
30077,16.6,6.5,24.1
30079,26.5,4.4,26.1
30081,23.700000000000003,10.7,11.3
30083,14.7,5.2,12.8
30085,12.0,6.8,37.5
30087,9.9,10.8,28.1
30089,20.7,8.5,15.6
30091,24.8,10.2,15.7
30093,10.899999999999999,8.1,19.0
30095,15.0,8.7,13.4
30097,26.0,6.4,13.9
30099,26.3,13.0,14.9
30101,14.9,5.3,25.1
30103,26.299999999999997,3.1,26.6
30105,17.700000000000003,7.0,18.0
30107,36.6,3.5,19.6
30109,20.099999999999998,4.1,28.1
30111,11.5,11.1,11.1
31001,12.899999999999999,12.6,14.0
31003,21.0,8.2,14.0
31005,42.900000000000006,8.8,13.7
31007,30.400000000000002,6.2,16.3
31009,37.3,9.7,19.0
31011,20.200000000000003,6.4,11.4
31013,15.7,8.8,12.4
31015,29.6,7.8,17.2
31017,20.6,8.1,18.4
31019,11.0,8.4,13.6
31021,15.8,7.1,11.2
31023,16.6,10.2,13.5
31025,12.0,8.2,13.2
31027,22.0,8.8,15.4
31029,23.5,9.2,12.1
31031,24.8,5.6,17.6
31033,10.2,8.2,20.8
31035,19.3,8.3,16.6
31037,12.899999999999999,5.2,9.7
31039,14.600000000000001,10.2,13.1
31041,26.1,6.7,13.1
31043,8.2,7.2,8.9
31045,14.3,7.5,34.9
31047,9.8,6.2,12.3
31049,21.0,2.8,22.7
31051,12.4,8.3,14.5
31053,10.5,9.6,12.3
31055,8.2,11.0,10.8
31057,21.700000000000003,6.6,25.1
31059,19.799999999999997,5.7,17.8
31061,21.0,5.2,17.1
31063,16.900000000000002,6.7,21.6
31065,16.5,10.7,14.8
31067,12.2,10.1,13.8
31069,29.0,10.3,22.5
31071,27.599999999999998,8.8,16.3
31073,17.6,9.3,21.7
31075,28.3,5.2,14.3
31077,32.2,5.8,12.1
31079,7.1,8.3,11.0
31081,14.6,9.4,14.3
31083,16.4,11.8,14.2
31085,29.9,7.9,19.6
31087,22.3,5.5,23.6
31089,18.2,9.7,17.3
31091,21.700000000000003,7.6,18.7
31093,18.0,9.4,13.5
31095,17.9,9.5,10.0
31097,15.5,6.0,23.3
31099,16.0,11.7,13.0
31101,17.1,5.3,11.1
31103,40.7,5.8,17.7
31105,14.200000000000001,4.2,19.3
31107,21.7,7.7,18.4
31109,8.3,10.1,17.6
31111,10.1,8.2,14.9
31113,31.400000000000002,7.7,13.9
31115,32.0,4.4,14.5
31117,39.5,12.4,12.9
31119,11.2,8.5,13.9
31121,16.299999999999997,8.2,12.0
31123,14.3,10.1,18.7
31125,22.0,6.3,13.0
31127,14.0,13.8,25.2
31129,26.5,8.9,10.9
31131,11.5,9.6,20.0
31133,19.5,6.5,11.9
31135,23.799999999999997,8.9,17.8
31137,15.6,7.8,15.0
31139,16.2,10.3,16.2
31141,12.799999999999999,7.8,11.1
31143,15.899999999999999,12.9,12.0
31145,16.8,7.3,13.0
31147,19.5,8.8,14.1
31149,35.400000000000006,10.6,14.5
31151,11.4,11.2,13.7
31153,6.2,9.2,16.0
31155,12.8,7.8,17.4
31157,12.3,10.3,15.4
31159,12.3,10.6,16.7
31161,23.5,4.5,18.8
31163,22.5,6.8,15.9
31165,31.700000000000003,5.5,16.4
31167,15.9,7.3,12.7
31169,19.5,7.3,13.4
31171,23.2,7.4,32.0
31173,9.1,6.8,39.8
31175,19.1,9.0,15.8
31177,11.3,9.1,11.2
31179,11.7,8.4,19.5
31181,17.3,8.9,16.3
31183,37.7,6.1,14.7
31185,12.7,10.1,13.7
32001,10.5,6.5,21.2
32003,8.899999999999999,3.3,10.6
32005,14.8,4.9,20.0
32007,6.1,3.2,14.8
32009,32.5,1.0,14.2
32011,17.8,0.0,24.9
32013,16.5,2.3,16.1
32015,9.7,0.7,20.2
32017,4.3,1.7,38.6
32019,7.5,3.3,17.5
32021,4.6,2.4,42.1
32023,9.8,2.5,12.9
32027,11.9,1.1,21.5
32029,15.3,2.7,10.6
32031,8.6,5.2,13.6
32033,7.2,6.5,27.0
32510,8.5,5.8,21.5
33001,12.9,11.8,14.2
33003,15.7,11.2,17.3
33005,10.5,12.5,16.3
33007,14.3,12.7,17.2
33009,11.299999999999999,19.0,14.1
33011,8.3,11.1,10.9
33013,9.0,13.9,15.9
33015,10.5,9.3,11.3
33017,7.5,9.2,17.3
33019,10.399999999999999,15.3,11.3
34001,7.800000000000001,6.5,15.5
34003,11.5,7.3,11.5
34005,8.0,8.3,17.4
34007,7.3,9.1,13.5
34009,11.100000000000001,7.8,22.1
34011,5.7,6.6,19.5
34013,8.5,7.1,14.9
34015,6.5,7.8,16.2
34017,7.1,6.3,10.2
34019,12.0,7.7,14.2
34021,6.8,10.2,15.6
34023,7.4,6.4,13.2
34025,10.4,6.4,14.2
34027,10.2,6.5,11.7
34029,9.5,7.4,16.2
34031,8.100000000000001,5.3,11.7
34033,6.699999999999999,7.8,16.8
34035,9.4,7.0,11.2
34037,9.4,6.3,15.0
34039,7.6000000000000005,6.2,13.1
34041,8.7,7.7,14.8
35001,9.1,9.8,20.7
35003,23.900000000000002,11.1,16.4
35005,9.2,6.7,18.9
35006,7.0,7.3,31.5
35007,14.6,10.2,22.1
35009,7.300000000000001,6.4,22.8
35011,12.5,0.8,27.6
35013,9.8,4.9,22.4
35015,7.0,7.1,16.3
35017,9.4,10.6,23.1
35019,9.6,11.8,38.6
35021,16.5,16.5,21.4
35023,13.100000000000001,5.2,35.5
35025,8.9,4.2,17.1
35027,31.1,3.2,18.6
35028,6.8,11.1,39.7
35029,6.699999999999999,2.3,21.9
35031,7.8999999999999995,6.5,33.7
35033,12.6,8.0,40.4
35035,10.5,6.9,28.3
35037,7.6,6.8,27.1
35039,8.1,6.8,36.4
35041,6.5,3.8,26.4
35043,10.2,8.0,21.4
35045,8.2,7.5,20.5
35047,12.100000000000001,8.6,35.6
35049,17.1,9.8,21.3
35051,14.0,4.7,31.9
35053,7.5,13.1,35.6
35055,15.3,12.0,21.4
35057,8.3,7.1,24.8
35059,7.3,8.0,30.1
35061,9.1,5.4,25.4
36001,7.5,13.5,24.7
36003,8.3,12.5,22.6
36005,7.2,10.8,15.0
36007,7.0,11.2,22.1
36009,9.6,9.2,21.8
36011,8.8,10.2,19.8
36013,9.2,11.6,18.1
36015,8.4,14.1,16.7
36017,10.1,12.0,19.2
36019,7.5,8.6,22.1
36021,14.600000000000001,13.2,18.3
36023,8.2,11.7,19.3
36025,16.3,11.8,19.7
36027,9.6,12.4,15.8
36029,7.0,11.7,16.1
36031,12.3,16.5,19.5
36033,12.2,13.3,30.7
36035,8.1,13.0,17.9
36037,7.699999999999999,8.3,18.2
36039,12.0,9.3,19.0
36041,18.6,11.2,30.4
36043,8.7,11.6,18.1
36045,8.5,9.2,24.9
36047,10.399999999999999,10.8,14.3
36049,15.4,9.0,25.1
36051,8.5,11.3,20.7
36053,10.4,12.6,15.7
36055,7.6,15.0,13.0
36057,7.6,12.0,16.4
36059,11.100000000000001,8.5,16.8
36061,12.0,13.0,8.9
36063,6.8999999999999995,9.4,15.0
36065,7.9,12.7,20.2
36067,7.699999999999999,12.3,17.3
36069,9.2,13.3,14.8
36071,8.5,9.8,19.9
36073,8.7,7.9,17.0
36075,7.6,8.0,18.6
36077,11.9,16.9,17.6
36079,11.6,9.8,17.4
36081,9.9,8.3,14.2
36083,7.8999999999999995,13.2,21.9
36085,7.3,8.6,21.5
36087,9.600000000000001,14.0,16.2
36089,11.899999999999999,13.0,25.3
36091,8.2,11.6,18.3
36093,5.800000000000001,12.7,19.2
36095,11.100000000000001,9.2,23.6
36097,10.0,14.2,18.8
36099,10.4,13.7,17.0
36101,11.100000000000001,11.2,16.9
36103,10.100000000000001,7.8,18.3
36105,11.0,14.9,20.0
36107,8.2,13.5,15.4
36109,9.7,26.6,14.2
36111,13.399999999999999,10.7,17.9
36113,11.2,11.3,20.1
36115,9.2,10.4,16.8
36117,8.5,9.7,14.6
36119,11.5,11.9,14.6
36121,12.0,8.3,19.2
36123,17.900000000000002,14.8,13.9
37001,8.2,6.7,14.0
37003,11.0,4.3,11.3
37005,15.6,7.6,13.2
37007,11.1,5.0,20.8
37009,11.9,6.9,12.3
37011,13.5,8.2,20.5
37013,11.5,5.9,18.1
37015,10.2,4.4,21.6
37017,10.1,5.3,18.9
37019,11.3,6.8,14.5
37021,14.100000000000001,7.7,11.6
37023,8.2,4.9,16.9
37025,8.5,7.4,13.4
37027,10.4,5.3,12.7
37029,12.1,7.3,17.6
37031,15.1,5.7,19.8
37033,8.1,5.9,20.2
37035,8.9,5.6,10.2
37037,11.1,8.8,17.4
37039,14.200000000000001,8.1,12.6
37041,13.3,7.6,19.8
37043,14.799999999999999,8.2,14.2
37045,7.699999999999999,7.5,14.7
37047,7.800000000000001,4.4,15.5
37049,8.6,6.5,21.7
37051,7.5,5.8,22.8
37053,16.8,6.7,22.4
37055,21.8,3.2,16.6
37057,9.8,6.9,10.8
37059,11.1,5.8,9.6
37061,10.4,3.8,14.4
37063,7.0,13.9,15.0
37065,8.3,4.9,14.6
37067,8.5,10.7,10.7
37069,8.2,6.1,15.4
37071,7.3999999999999995,7.3,10.2
37073,8.2,6.8,21.2
37075,14.6,4.8,25.8
37077,7.7,6.8,21.9
37079,9.9,2.6,20.5
37081,8.5,8.0,13.4
37083,10.2,5.7,18.4
37085,8.1,5.1,18.6
37087,11.100000000000001,6.3,16.4
37089,12.9,9.7,10.9
37091,6.699999999999999,8.1,23.3
37093,7.6,6.4,21.6
37095,23.9,3.1,19.1
37097,11.0,5.4,8.9
37099,9.7,7.1,24.0
37101,8.7,5.3,17.0
37103,10.5,4.7,21.9
37105,7.1,4.6,16.5
37107,7.5,7.5,18.0
37109,9.8,5.5,11.0
37111,8.100000000000001,5.0,15.1
37113,15.4,7.1,14.9
37115,11.1,9.2,16.4
37117,6.699999999999999,7.6,19.0
37119,9.0,7.0,8.2
37121,11.4,7.2,16.3
37123,8.6,8.1,15.6
37125,13.5,8.7,16.5
37127,8.3,5.7,14.5
37129,14.0,7.0,12.3
37131,11.0,4.1,20.4
37133,8.9,3.6,24.2
37135,10.7,12.5,24.3
37137,14.2,6.4,16.7
37139,10.2,5.8,22.4
37141,13.9,5.8,16.4
37143,10.0,6.4,19.4
37145,7.8,6.0,16.7
37147,8.5,9.0,17.0
37149,19.1,7.8,9.5
37151,9.8,6.7,11.9
37153,7.9,7.6,16.9
37155,6.1,3.9,15.7
37157,9.3,5.4,12.4
37159,9.4,7.0,12.7
37161,9.7,6.7,13.4
37163,16.6,6.5,14.9
37165,6.6,5.3,13.6
37167,10.7,7.2,13.9
37169,8.5,7.4,12.1
37171,10.0,5.5,12.7
37173,10.5,4.6,29.7
37175,17.4,9.1,13.2
37177,9.7,8.4,23.4
37179,10.8,7.3,10.9
37181,7.199999999999999,4.2,17.2
37183,9.1,7.4,13.4
37185,9.0,3.1,20.7
37187,10.6,10.6,11.3
37189,14.9,9.7,19.9
37191,7.699999999999999,4.5,19.6
37193,10.0,7.4,12.9
37195,8.0,6.6,12.5
37197,11.299999999999999,6.1,9.4
37199,16.799999999999997,4.9,16.0
38001,25.4,11.3,10.9
38003,13.8,11.5,20.8
38005,15.2,12.9,21.3
38007,25.700000000000003,13.2,12.8
38009,24.9,6.9,19.6
38011,20.5,11.4,7.7
38013,15.0,9.4,23.5
38015,9.4,12.7,18.2
38017,7.2,11.9,12.2
38019,28.3,6.6,10.9
38021,21.5,9.4,8.3
38023,25.3,7.7,12.4
38025,18.900000000000002,4.3,11.3
38027,24.0,10.8,17.6
38029,22.2,8.6,14.3
38031,23.9,14.0,13.6
38033,24.7,18.8,16.4
38035,7.199999999999999,11.9,23.7
38037,30.3,12.0,16.7
38039,24.0,12.7,14.0
38041,24.799999999999997,10.5,14.5
38043,19.3,10.8,18.3
38045,22.1,10.1,13.5
38047,31.799999999999997,12.4,14.7
38049,19.1,7.8,16.9
38051,26.6,13.0,19.6
38053,8.8,4.5,15.8
38055,18.4,10.2,16.2
38057,8.600000000000001,6.7,13.3
38059,13.1,8.8,14.9
38061,14.6,3.9,23.4
38063,19.7,9.7,17.0
38065,13.4,9.4,26.2
38067,19.200000000000003,7.7,17.4
38069,27.1,14.5,18.1
38071,14.600000000000001,14.5,16.8
38073,16.2,6.3,14.2
38075,17.7,9.4,15.0
38077,13.7,8.2,12.3
38079,8.5,9.3,46.2
38081,17.1,4.3,12.8
38083,31.6,3.8,14.7
38085,15.3,4.1,53.6
38087,54.300000000000004,2.9,15.5
38089,12.799999999999999,7.8,12.7
38091,31.1,7.7,12.9
38093,11.7,11.3,14.3
38095,24.8,11.5,16.2
38097,12.5,12.0,20.8
38099,18.4,10.6,14.7
38101,9.8,9.7,16.5
38103,19.8,18.4,11.5
38105,10.5,10.7,10.4
39001,11.2,5.4,18.3
39003,6.4,9.8,9.8
39005,8.0,9.1,10.8
39007,9.2,7.5,10.9
39009,6.699999999999999,9.1,26.7
39011,8.0,6.1,11.3
39013,5.800000000000001,6.5,11.0
39015,9.6,6.6,14.5
39017,7.300000000000001,7.6,10.3
39019,10.9,6.6,10.2
39021,8.0,8.8,12.6
39023,8.399999999999999,8.4,13.1
39025,8.0,8.1,8.9
39027,9.3,7.2,13.9
39029,8.2,8.6,9.6
39031,9.7,9.3,11.8
39033,7.4,8.1,10.0
39035,7.7,13.2,12.3
39037,10.0,6.8,8.9
39039,8.600000000000001,8.6,10.7
39041,11.0,9.2,12.8
39043,8.899999999999999,7.5,12.6
39045,8.5,7.9,15.4
39047,9.6,4.9,13.6
39049,7.1,10.0,13.9
39051,7.5,10.0,12.0
39053,9.6,10.5,20.2
39055,14.8,8.9,10.4
39057,7.1,11.2,19.8
39059,9.8,8.2,13.8
39061,7.3999999999999995,11.6,10.7
39063,6.9,8.8,8.9
39065,10.0,8.2,13.1
39067,7.300000000000001,6.2,8.6
39069,8.600000000000001,8.8,10.9
39071,11.0,9.4,10.5
39073,8.1,6.0,15.3
39075,18.7,5.1,6.4
39077,7.9,7.5,10.4
39079,7.5,9.5,13.8
39081,5.9,8.7,10.8
39083,10.0,11.8,11.1
39085,7.7,9.2,10.4
39087,5.2,10.6,13.7
39089,8.5,10.3,14.0
39091,7.1,7.0,10.3
39093,6.300000000000001,8.8,13.1
39095,7.2,10.8,11.0
39097,9.8,7.8,14.8
39099,8.8,9.5,12.8
39101,7.5,8.8,13.5
39103,8.2,8.8,11.5
39105,8.3,7.1,17.2
39107,9.5,6.3,10.0
39109,7.300000000000001,7.1,11.6
39111,12.6,6.5,12.5
39113,6.6000000000000005,10.9,13.0
39115,9.0,7.3,15.9
39117,11.899999999999999,9.2,12.9
39119,7.6000000000000005,9.9,11.8
39121,14.0,9.3,14.1
39123,9.3,9.5,12.9
39125,7.9,9.6,10.3
39127,5.7,8.0,17.0
39129,9.1,8.0,15.9
39131,6.800000000000001,6.7,19.7
39133,7.800000000000001,5.7,10.8
39135,7.5,8.1,13.8
39137,8.8,8.3,9.6
39139,7.300000000000001,8.2,13.0
39141,6.4,10.0,17.4
39143,6.3,8.2,10.3
39145,8.100000000000001,10.4,14.9
39147,7.5,8.5,10.0
39149,7.9,5.7,11.7
39151,8.3,9.2,10.4
39153,8.1,10.0,11.0
39155,8.1,7.5,12.1
39157,8.2,7.4,9.9
39159,7.0,6.8,13.1
39161,8.3,6.9,10.3
39163,6.5,6.8,18.1
39165,8.7,8.1,11.3
39167,9.0,10.7,13.3
39169,10.6,8.5,10.1
39171,7.3,7.1,10.6
39173,6.8,9.9,15.5
39175,7.3,5.5,11.7
40001,8.7,5.6,22.8
40003,16.3,5.6,22.2
40005,15.200000000000001,2.6,23.2
40007,19.2,3.3,18.8
40009,16.4,4.7,22.4
40011,14.6,5.3,18.1
40013,9.5,4.4,18.6
40015,13.5,4.9,26.3
40017,9.0,6.8,16.9
40019,9.1,7.7,13.7
40021,10.4,7.2,27.9
40023,9.0,7.1,19.1
40025,27.200000000000003,4.5,30.1
40027,10.3,7.6,20.9
40029,13.4,3.5,27.2
40031,7.800000000000001,6.0,26.6
40033,12.2,4.2,24.6
40035,14.0,9.6,21.2
40037,9.6,4.5,13.3
40039,11.100000000000001,6.0,17.8
40041,14.8,6.6,18.5
40043,17.7,2.3,19.7
40045,17.0,8.5,18.8
40047,10.2,7.4,15.4
40049,11.8,4.6,14.6
40051,11.6,4.9,17.2
40053,9.1,5.5,23.4
40055,13.200000000000001,7.2,31.7
40057,20.9,7.6,15.6
40059,13.6,6.1,28.3
40061,19.2,5.3,19.0
40063,10.2,3.0,29.0
40065,11.399999999999999,6.9,28.5
40067,15.4,3.8,14.9
40069,9.1,2.7,24.5
40071,8.8,5.7,18.8
40073,11.5,6.6,12.5
40075,16.3,8.0,18.6
40077,10.100000000000001,7.0,28.4
40079,10.7,5.0,18.2
40081,13.4,3.3,18.7
40083,14.4,7.3,16.8
40085,10.4,4.9,17.7
40087,13.5,5.7,20.0
40089,9.9,4.5,14.1
40091,10.0,5.9,18.1
40093,15.299999999999999,3.1,14.4
40095,14.3,2.0,16.2
40097,11.200000000000001,4.1,15.3
40099,10.7,2.4,17.1
40101,8.9,4.9,21.6
40103,10.8,4.2,22.6
40105,12.0,8.1,13.0
40107,10.7,6.2,25.4
40109,10.7,7.5,15.7
40111,9.4,5.9,20.0
40113,11.8,5.6,17.5
40115,8.9,7.4,20.6
40117,10.0,4.7,16.0
40119,7.6,9.3,24.7
40121,9.3,6.9,27.0
40123,9.2,6.9,28.5
40125,10.3,7.0,23.9
40127,16.4,5.2,27.4
40129,29.4,3.8,20.9
40131,9.3,5.9,12.9
40133,10.0,3.1,23.8
40135,7.6,4.8,19.4
40137,11.899999999999999,5.1,12.7
40139,10.3,4.6,20.0
40141,8.7,5.0,22.2
40143,10.0,8.2,10.2
40145,10.6,6.2,13.0
40147,7.2,8.4,11.1
40149,11.899999999999999,8.7,20.4
40151,13.6,5.1,18.7
40153,13.100000000000001,5.3,18.7
41001,16.0,10.1,18.2
41003,10.9,10.6,25.6
41005,12.5,9.0,11.6
41007,12.399999999999999,9.5,13.3
41009,8.3,8.4,12.5
41011,14.2,8.8,17.6
41013,12.2,7.1,16.6
41015,16.6,9.0,24.2
41017,16.9,8.2,10.9
41019,11.8,9.6,16.5
41021,20.1,5.9,20.3
41023,14.8,12.9,28.1
41025,23.0,6.7,26.4
41027,13.8,11.7,12.8
41029,13.8,10.8,12.6
41031,11.8,6.6,23.6
41033,16.2,9.5,13.2
41035,10.2,11.5,18.8
41037,19.3,8.5,25.8
41039,11.8,10.0,16.1
41041,16.7,7.1,17.1
41043,10.3,9.5,16.4
41045,11.2,6.4,18.3
41047,8.7,7.9,17.3
41049,8.9,3.8,15.8
41051,11.399999999999999,12.0,11.8
41053,9.0,8.2,24.0
41055,16.9,3.3,27.5
41057,14.5,9.6,17.9
41059,7.3,7.8,20.2
41061,12.1,7.3,19.9
41063,22.0,6.5,15.9
41065,10.4,9.3,17.4
41067,9.3,8.8,9.6
41069,14.7,9.9,34.3
41071,10.9,9.3,11.1
42001,9.3,10.3,11.3
42003,7.3,16.1,9.4
42005,8.2,9.6,10.8
42007,7.0,11.1,9.9
42009,10.100000000000001,7.0,11.4
42011,7.4,9.5,9.6
42013,7.8,9.4,12.3
42015,10.1,10.6,10.3
42017,10.0,9.8,9.5
42019,8.6,11.3,10.1
42021,7.199999999999999,10.8,13.7
42023,7.699999999999999,5.9,16.2
42025,7.1,10.3,9.9
42027,7.8,15.8,19.4
42029,10.6,10.6,8.2
42031,10.4,9.4,13.7
42033,8.3,11.5,13.9
42035,8.2,8.5,14.2
42037,8.1,12.3,14.1
42039,11.3,12.2,11.6
42041,8.1,11.0,15.6
42043,7.199999999999999,12.1,15.8
42045,8.0,13.2,10.3
42047,7.0,12.4,7.5
42049,7.3,14.8,10.7
42051,7.8,10.8,10.6
42053,7.8999999999999995,8.1,24.8
42055,9.3,9.6,13.2
42057,8.9,7.8,12.4
42059,6.3,9.4,14.4
42061,8.6,11.4,16.4
42063,8.1,9.5,15.1
42065,9.7,7.8,9.9
42067,9.0,5.7,10.8
42069,7.6,11.6,11.7
42071,10.4,11.9,7.7
42073,8.4,11.0,10.2
42075,8.1,10.5,11.0
42077,6.800000000000001,12.3,7.7
42079,6.9,8.2,11.8
42081,7.9,11.6,11.8
42083,6.6,14.8,12.6
42085,8.7,10.7,11.3
42087,9.6,8.9,11.4
42089,8.9,9.3,13.0
42091,9.3,12.2,8.0
42093,9.2,21.7,11.1
42095,7.699999999999999,11.5,9.7
42097,7.300000000000001,12.6,13.1
42099,9.0,9.2,15.0
42101,6.5,15.2,11.7
42103,10.2,8.8,15.5
42105,14.1,9.8,13.5
42107,7.3,8.7,12.5
42109,9.7,10.1,10.9
42111,10.5,9.0,12.5
42113,11.0,8.6,14.6
42115,11.0,9.9,11.3
42117,11.7,11.3,12.3
42119,10.7,21.8,11.3
42121,8.7,12.3,15.4
42123,8.7,11.9,12.9
42125,8.3,11.2,9.2
42127,12.1,8.1,14.0
42129,8.2,11.8,9.0
42131,8.7,7.5,10.7
42133,7.7,10.4,10.9
44001,10.9,14.3,12.6
44003,7.1,11.2,13.8
44005,14.0,12.5,15.5
44007,7.3,12.0,11.5
44009,11.0,9.4,17.0
45001,8.5,9.2,14.3
45003,9.2,5.2,16.8
45005,7.5,11.0,26.0
45007,9.100000000000001,8.3,12.7
45009,11.5,5.8,14.9
45011,8.5,4.0,16.5
45013,14.5,6.2,13.0
45015,9.6,4.6,18.4
45017,5.9,7.1,20.9
45019,11.600000000000001,6.1,16.1
45021,7.1,5.9,14.1
45023,6.5,4.2,16.4
45025,7.800000000000001,6.0,13.2
45027,9.2,5.6,16.0
45029,12.8,6.2,19.5
45031,6.9,6.6,14.6
45033,7.699999999999999,5.0,16.0
45035,8.2,5.2,19.1
45037,7.2,4.7,17.6
45039,10.0,3.5,22.4
45041,7.199999999999999,8.5,16.7
45043,15.9,8.6,12.6
45045,9.5,7.7,9.3
45047,5.800000000000001,8.0,13.9
45049,7.8999999999999995,3.9,22.0
45051,11.9,3.9,10.9
45053,9.5,6.7,14.9
45055,8.4,5.5,18.1
45057,8.8,4.6,12.9
45059,7.6,7.3,14.4
45061,9.4,5.7,14.2
45063,9.3,6.4,17.0
45065,5.6,7.5,26.1
45067,8.7,4.0,16.8
45069,6.800000000000001,4.4,17.6
45071,6.8,7.4,16.9
45073,11.2,6.7,14.2
45075,9.0,3.8,19.6
45077,9.3,7.4,16.7
45079,7.6,7.3,21.7
45081,11.4,3.1,15.6
45083,7.7,6.1,12.2
45085,9.2,7.5,19.1
45087,7.1,4.6,13.8
45089,4.2,4.0,20.8
45091,7.9,6.4,10.5
46003,20.299999999999997,9.4,12.9
46005,11.8,11.7,14.8
46007,13.3,11.7,35.4
46009,21.6,8.9,19.5
46011,8.5,5.5,21.0
46013,12.3,10.5,13.1
46015,25.700000000000003,14.0,15.9
46017,10.2,5.5,44.5
46019,15.7,6.0,16.6
46021,27.4,7.9,16.4
46023,23.799999999999997,8.7,24.3
46025,31.4,6.0,12.4
46027,9.0,11.4,29.3
46029,14.700000000000001,5.5,11.3
46031,33.6,3.1,37.6
46033,15.3,10.6,19.6
46035,12.0,13.6,11.1
46037,20.200000000000003,5.1,20.9
46039,14.8,10.8,11.4
46041,16.0,3.7,53.7
46043,22.900000000000002,8.8,18.8
46045,21.5,7.0,16.3
46047,20.5,8.7,28.1
46049,30.7,12.0,16.9
46051,15.5,5.7,10.6
46053,26.8,8.3,17.5
46055,31.5,4.6,19.6
46057,19.0,4.9,13.0
46059,28.9,11.7,12.6
46061,16.6,6.2,11.1
46063,38.8,6.3,13.2
46065,11.8,12.7,37.8
46067,21.2,8.5,12.9
46069,19.5,6.7,23.7
46071,24.8,3.9,38.6
46073,16.0,7.6,12.7
46075,24.099999999999998,4.6,27.6
46077,22.2,4.0,14.8
46079,13.5,9.1,20.2
46081,12.100000000000001,6.8,15.5
46083,10.2,14.1,9.7
46085,18.5,4.8,36.1
46087,17.6,11.8,10.4
46089,29.4,5.9,16.7
46091,17.0,6.0,15.2
46093,15.3,8.6,18.6
46095,15.4,10.2,45.2
46097,25.700000000000003,12.7,9.9
46099,7.4,13.7,9.1
46101,19.0,6.9,17.3
46102,4.6,11.2,60.2
46103,10.6,11.9,15.2
46105,36.4,5.9,11.5
46107,23.3,8.9,12.8
46109,14.2,6.9,21.2
46111,23.6,6.0,13.8
46115,22.0,8.1,19.1
46117,13.299999999999999,7.5,24.2
46119,32.0,3.6,16.4
46121,7.0,6.5,65.0
46123,22.8,8.3,17.1
46125,17.0,12.8,12.3
46127,11.9,6.4,9.6
46129,23.0,10.3,14.0
46135,13.0,11.2,13.5
46137,25.5,3.3,57.7
47001,8.8,9.5,15.0
47003,8.5,3.7,14.3
47005,10.0,3.4,16.6
47007,9.5,3.2,14.4
47009,8.9,8.5,12.0
47011,10.1,8.3,11.7
47013,11.3,3.9,17.2
47015,14.3,3.1,17.4
47017,11.8,6.8,16.6
47019,8.799999999999999,7.6,15.7
47021,11.2,5.3,15.2
47023,7.0,6.7,18.0
47025,9.8,6.1,15.1
47027,13.0,4.9,20.2
47029,7.5,3.9,15.5
47031,10.700000000000001,3.3,13.7
47033,12.7,4.6,14.6
47035,12.5,7.1,11.3
47037,9.9,10.8,10.4
47039,11.1,3.2,16.9
47041,10.2,6.0,14.9
47043,10.1,5.4,11.7
47045,10.7,5.5,13.8
47047,11.200000000000001,6.4,14.1
47049,16.8,4.6,15.9
47051,9.1,6.1,13.4
47053,9.899999999999999,6.6,12.5
47055,10.0,4.5,12.9
47057,14.6,4.4,14.7
47059,7.0,8.0,14.2
47061,14.9,3.5,21.2
47063,8.8,4.7,10.1
47065,9.4,9.7,11.7
47067,7.3999999999999995,2.6,30.1
47069,7.5,4.1,24.9
47071,11.6,5.2,15.7
47073,7.9,7.7,14.3
47075,7.0,5.0,15.6
47077,11.600000000000001,3.6,20.0
47079,10.0,4.7,14.3
47081,12.299999999999999,4.3,15.8
47083,7.9,2.1,22.0
47085,9.899999999999999,5.7,16.9
47087,14.200000000000001,3.6,14.2
47089,9.3,5.0,13.4
47091,13.799999999999999,5.2,16.5
47093,8.8,8.0,14.1
47095,14.3,8.6,24.4
47097,6.300000000000001,3.6,16.9
47099,10.799999999999999,4.2,16.1
47101,13.4,4.7,16.4
47103,10.7,3.2,15.4
47105,9.8,7.3,12.1
47107,10.3,4.7,12.7
47109,9.0,5.7,18.0
47111,11.700000000000001,4.2,13.0
47113,9.5,10.2,13.2
47115,10.2,4.8,12.3
47117,8.7,5.0,14.1
47119,9.7,7.6,10.9
47121,8.4,4.9,13.1
47123,11.6,7.3,13.8
47125,7.3999999999999995,4.6,22.0
47127,14.3,1.4,14.3
47129,8.6,5.4,21.7
47131,10.9,6.1,14.0
47133,15.9,6.0,12.4
47135,19.2,4.6,17.5
47137,11.7,4.8,23.7
47139,8.3,6.9,16.0
47141,10.600000000000001,5.4,15.2
47143,8.3,7.9,19.3
47145,9.3,7.9,18.5
47147,9.4,5.5,12.8
47149,8.2,5.9,13.1
47151,8.4,2.9,17.8
47153,12.0,5.4,16.3
47155,10.2,4.2,11.4
47157,7.4,9.2,13.0
47159,8.2,5.3,13.7
47161,9.1,2.7,17.6
47163,9.3,7.7,11.8
47165,10.1,6.6,12.7
47167,7.800000000000001,7.0,19.1
47169,7.9,7.6,14.6
47171,8.2,9.6,16.2
47173,9.9,4.9,11.1
47175,11.5,4.3,24.9
47177,13.6,3.9,13.5
47179,8.5,10.0,14.7
47181,13.5,4.2,18.7
47183,7.0,5.3,20.2
47185,12.2,3.3,12.2
47187,13.899999999999999,9.0,8.9
47189,9.6,7.0,11.7
48001,8.0,4.5,20.6
48003,7.9,4.1,10.6
48005,9.7,6.4,17.3
48007,21.8,4.3,12.9
48009,17.0,7.2,14.6
48011,14.3,2.7,23.4
48013,10.2,3.8,17.0
48015,15.0,5.9,11.1
48017,24.5,5.3,8.7
48019,19.4,9.6,12.9
48021,11.5,5.3,17.6
48023,25.700000000000003,6.7,14.7
48025,10.5,2.8,25.8
48027,7.800000000000001,7.9,21.8
48029,8.899999999999999,6.4,13.5
48031,20.8,3.7,14.2
48033,18.6,4.4,12.9
48035,12.0,5.5,16.7
48037,5.0,8.1,18.6
48039,7.800000000000001,6.2,15.6
48041,7.9,7.1,24.6
48043,15.9,2.0,27.4
48045,18.900000000000002,4.8,19.5
48047,11.0,3.6,23.4
48049,11.1,5.4,14.1
48051,10.7,6.0,20.9
48053,17.9,8.0,12.2
48055,9.4,4.7,17.2
48057,7.699999999999999,8.4,16.3
48059,14.200000000000001,6.3,16.2
48061,11.9,4.5,17.9
48063,11.299999999999999,3.8,14.6
48065,12.399999999999999,5.2,22.1
48067,12.3,5.0,15.4
48069,10.8,1.4,14.1
48071,10.5,3.9,13.3
48073,12.9,6.7,20.7
48075,14.7,9.3,22.8
48077,12.0,6.4,20.3
48079,7.2,5.2,25.7
48081,15.0,4.1,25.6
48083,14.299999999999999,7.5,17.1
48085,10.7,5.1,9.7
48087,9.6,5.6,18.9
48089,15.0,6.2,13.4
48091,13.2,5.9,13.6
48093,14.6,5.6,18.3
48095,19.3,2.5,25.3
48097,11.7,4.1,12.9
48099,9.1,5.4,30.4
48101,22.6,9.8,22.7
48103,4.2,2.1,17.6
48105,11.100000000000001,0.6,29.2
48107,11.9,6.8,23.8
48109,23.7,0.1,26.2
48111,16.6,3.1,11.5
48113,9.6,5.7,9.0
48115,11.4,5.7,23.2
48117,11.600000000000001,4.2,10.9
48119,11.899999999999999,4.1,19.7
48121,10.0,5.2,11.2
48123,8.1,6.0,16.6
48125,15.7,6.1,25.2
48127,7.4,7.7,19.1
48129,23.4,3.3,14.2
48131,4.4,3.5,14.1
48133,12.7,8.6,18.8
48135,8.4,4.1,11.6
48137,18.9,1.6,12.0
48139,9.5,5.5,13.5
48141,8.6,4.8,19.8
48143,14.1,5.3,15.2
48145,9.799999999999999,5.8,19.1
48147,12.8,3.7,17.6
48149,18.0,5.6,11.9
48151,12.0,6.2,25.6
48153,8.4,7.4,19.2
48155,24.9,3.1,30.5
48157,11.2,6.1,12.3
48159,13.2,4.2,15.5
48161,14.1,3.1,16.1
48163,6.9,5.5,17.3
48165,17.0,4.5,16.4
48167,9.2,6.1,17.0
48169,13.7,7.0,22.5
48171,21.2,7.6,11.4
48173,22.0,1.1,12.7
48175,12.3,3.7,16.4
48177,10.8,3.3,12.7
48179,10.5,4.5,17.6
48181,11.5,4.2,12.0
48183,9.0,7.9,10.7
48185,12.299999999999999,3.8,19.7
48187,9.4,5.3,16.6
48189,10.4,8.0,17.2
48191,22.5,2.7,20.4
48193,16.4,5.1,17.0
48195,12.0,2.5,15.0
48197,12.5,5.1,27.4
48199,8.0,4.2,12.7
48201,10.0,5.5,10.4
48203,10.3,8.5,11.7
48205,12.1,7.3,16.0
48207,21.299999999999997,7.2,21.1
48209,9.5,5.2,18.2
48211,10.1,5.8,20.6
48213,13.3,5.4,13.7
48215,13.7,3.3,17.5
48217,11.100000000000001,4.8,14.0
48219,11.6,6.4,12.2
48221,13.399999999999999,7.0,13.0
48223,10.5,6.0,14.2
48225,12.2,6.7,21.9
48227,9.6,4.8,18.7
48229,12.2,0.3,20.5
48231,10.6,4.8,14.3
48233,7.699999999999999,5.8,14.1
48235,23.2,0.0,18.4
48237,11.3,3.8,19.1
48239,8.3,4.9,17.0
48241,4.4,6.5,19.0
48243,27.5,1.2,26.8
48245,6.5,4.2,14.4
48247,7.3,1.2,21.3
48249,10.0,2.4,18.0
48251,10.4,7.5,10.1
48253,12.7,8.2,18.8
48255,9.7,4.4,26.0
48257,9.7,5.4,15.6
48259,20.1,7.7,12.0
48261,0.0,7.8,18.2
48263,11.7,10.9,48.2
48265,16.6,10.5,13.6
48267,18.9,4.9,17.6
48269,8.3,23.7,18.6
48271,10.4,7.4,40.1
48273,8.7,4.5,22.8
48275,14.4,5.1,22.6
48277,10.7,5.2,13.9
48279,10.8,4.0,16.5
48281,10.9,4.5,18.4
48283,9.9,4.7,19.7
48285,12.5,3.9,17.6
48287,13.1,4.8,17.7
48289,18.1,3.2,17.3
48291,10.7,3.2,13.4
48293,11.9,3.8,25.6
48295,12.3,2.6,22.2
48297,14.5,2.5,16.7
48299,19.700000000000003,4.4,12.6
48301,29.6,0.0,57.7
48303,8.600000000000001,7.5,17.9
48305,11.0,9.6,20.0
48307,15.899999999999999,4.7,14.9
48309,8.4,9.2,13.3
48311,22.1,0.0,16.7
48313,12.399999999999999,5.5,16.3
48315,12.600000000000001,9.2,14.7
48317,16.0,6.0,19.3
48319,22.1,10.3,17.9
48321,8.700000000000001,6.9,13.5
48323,6.3,3.3,20.5
48325,10.7,5.3,16.1
48327,14.6,2.2,24.1
48329,11.2,7.4,8.3
48331,12.200000000000001,7.8,16.6
48333,13.8,4.5,18.6
48335,11.9,2.0,24.4
48337,12.2,1.7,13.8
48339,12.0,4.8,12.5
48341,7.8,3.8,14.4
48343,10.1,5.0,16.1
48345,22.1,4.0,13.5
48347,9.7,5.0,18.2
48349,12.399999999999999,5.0,17.0
48351,5.6000000000000005,7.6,18.6
48353,9.0,3.7,19.8
48355,10.4,5.6,14.9
48357,8.2,3.6,12.5
48359,10.5,11.5,13.6
48361,7.9,5.0,12.1
48363,15.0,5.2,13.4
48365,11.9,3.8,15.1
48367,13.8,5.9,13.2
48369,11.5,3.8,14.5
48371,10.7,2.2,18.3
48373,10.799999999999999,5.8,17.8
48375,8.2,3.5,11.7
48377,14.899999999999999,4.0,23.7
48379,14.4,4.4,11.7
48381,10.2,5.2,17.7
48383,14.8,1.6,17.5
48385,19.599999999999998,2.8,10.6
48387,9.0,2.9,19.6
48389,14.2,2.0,17.2
48391,8.7,4.2,22.3
48393,17.6,5.4,21.8
48395,7.7,4.1,22.3
48397,11.399999999999999,6.1,13.6
48399,13.0,2.4,20.2
48401,10.3,7.8,13.5
48403,7.2,4.8,19.6
48405,10.2,7.8,13.2
48407,18.0,5.8,11.5
48409,7.0,4.4,14.6
48411,17.4,8.0,18.6
48413,19.8,5.2,20.0
48415,13.5,3.9,17.2
48417,9.6,6.9,23.0
48419,13.1,5.9,14.9
48421,22.9,2.0,17.7
48423,10.6,7.6,13.0
48425,8.5,6.2,14.4
48427,9.899999999999999,5.1,21.5
48429,15.600000000000001,3.1,17.6
48431,13.3,0.0,30.9
48433,12.8,10.9,21.4
48435,15.1,3.8,18.5
48437,15.1,5.1,23.4
48439,9.3,5.7,11.1
48441,8.6,11.3,15.8
48443,14.7,1.2,33.4
48445,9.5,5.6,11.9
48447,21.2,5.7,23.7
48449,10.600000000000001,4.8,13.7
48451,10.4,7.6,17.5
48453,12.1,6.5,14.8
48455,10.4,1.8,21.6
48457,8.1,6.4,18.7
48459,10.4,7.8,13.1
48461,11.7,1.8,23.3
48463,13.4,4.3,21.0
48465,9.1,13.4,24.0
48467,13.9,5.0,13.5
48469,11.1,4.4,11.9
48471,8.0,3.2,34.9
48473,11.5,3.8,18.6
48475,7.0,8.4,16.6
48477,13.9,6.2,17.3
48479,10.4,3.3,16.3
48481,8.4,5.1,14.4
48483,18.9,3.9,16.6
48485,9.2,8.2,18.1
48487,7.3999999999999995,4.2,24.2
48489,10.8,2.4,15.6
48491,9.100000000000001,6.6,14.0
48493,11.9,5.4,17.4
48495,8.4,2.9,18.8
48497,12.8,5.4,11.3
48499,12.8,7.3,13.8
48501,6.8,1.8,19.1
48503,17.7,5.8,18.0
48505,15.8,4.8,22.2
48507,12.0,6.0,17.9
49001,13.600000000000001,1.4,20.7
49003,10.3,4.4,15.0
49005,9.7,6.3,18.3
49007,8.600000000000001,5.3,24.4
49009,21.2,1.0,13.2
49011,8.0,6.9,17.2
49013,15.2,5.7,18.2
49015,6.699999999999999,3.5,25.3
49017,13.2,10.3,19.2
49019,14.0,3.6,13.7
49021,12.5,6.5,17.9
49023,10.5,7.4,16.2
49025,9.899999999999999,14.0,20.0
49027,11.9,4.6,20.6
49029,13.399999999999999,6.7,15.9
49031,13.600000000000001,2.5,28.1
49033,13.8,3.3,15.8
49035,9.0,7.3,13.6
49037,10.6,7.4,28.3
49039,13.3,6.3,18.6
49041,12.8,3.8,21.6
49043,16.799999999999997,8.0,13.2
49045,5.8,3.2,16.5
49047,11.0,4.0,18.9
49049,9.4,8.5,11.3
49051,15.899999999999999,7.2,13.8
49053,14.0,6.6,12.6
49055,23.5,5.0,20.8
49057,7.6,5.7,17.7
50001,15.3,20.0,9.7
50003,14.2,16.0,11.3
50005,14.899999999999999,16.8,13.5
50007,10.1,16.7,15.5
50009,16.1,11.6,18.1
50011,11.5,11.0,15.3
50013,13.899999999999999,11.0,19.0
50015,16.0,13.2,13.1
50017,16.4,16.5,16.2
50019,15.1,13.1,15.9
50021,10.899999999999999,14.4,13.6
50023,14.0,16.6,19.0
50025,18.0,15.9,13.4
50027,15.0,17.6,12.6
51001,10.6,8.7,15.9
51003,11.600000000000001,11.3,25.4
51005,8.7,6.9,17.5
51007,13.8,3.3,19.8
51009,6.1,10.6,17.8
51011,6.0,7.2,17.9
51013,6.8,14.4,24.5
51015,10.3,6.9,15.8
51017,12.7,11.5,17.5
51019,9.8,11.7,13.8
51021,6.8,3.2,18.2
51023,12.1,6.1,13.1
51025,9.399999999999999,5.0,17.5
51027,5.800000000000001,4.6,22.0
51029,11.899999999999999,6.5,21.0
51031,8.2,9.9,10.7
51033,6.0,6.2,21.3
51035,9.7,5.0,15.8
51036,9.6,5.1,17.4
51037,16.9,5.3,23.6
51041,7.800000000000001,6.8,18.2
51043,17.6,7.1,21.3
51045,8.5,10.9,23.0
51047,10.7,6.8,16.0
51049,15.100000000000001,3.7,24.1
51051,4.3,6.8,31.0
51053,5.300000000000001,5.3,22.3
51057,12.100000000000001,6.2,12.5
51059,9.6,9.5,20.8
51061,12.3,5.9,18.5
51063,14.899999999999999,6.4,11.8
51065,10.4,7.0,17.6
51067,10.8,8.9,11.2
51069,8.3,8.7,15.8
51071,5.1,5.1,23.7
51073,8.4,7.2,19.0
51075,17.0,7.3,11.0
51077,9.5,6.0,18.5
51079,8.9,9.0,19.7
51081,5.4,5.8,25.0
51083,9.1,6.6,16.4
51085,9.899999999999999,7.9,17.1
51087,8.1,7.3,16.3
51089,5.300000000000001,6.6,17.4
51091,10.3,10.5,31.6
51093,12.0,7.0,18.1
51095,10.0,8.7,21.6
51097,11.2,9.7,22.3
51099,7.199999999999999,4.1,34.7
51101,9.6,5.4,19.4
51103,14.4,9.3,18.7
51105,9.8,7.5,16.0
51107,9.1,7.1,16.8
51109,11.6,6.3,19.9
51111,8.2,3.8,22.1
51113,13.0,9.3,16.4
51115,12.6,7.9,15.4
51117,7.0,5.1,21.8
51119,15.899999999999999,10.0,17.2
51121,6.0,8.6,29.3
51125,15.5,7.9,20.0
51127,9.7,6.6,18.4
51131,14.2,5.6,20.4
51133,15.5,6.9,18.1
51135,8.6,4.2,20.0
51137,9.0,6.5,16.7
51139,9.0,4.9,16.2
51141,11.0,3.5,14.0
51143,10.399999999999999,4.7,15.6
51145,11.100000000000001,6.0,17.4
51147,5.699999999999999,8.2,23.2
51149,6.2,4.4,26.2
51153,8.100000000000001,7.0,22.8
51155,8.7,6.0,20.2
51157,20.9,8.2,13.3
51159,8.4,6.9,23.4
51161,7.7,12.0,14.9
51163,12.1,11.0,16.8
51165,11.0,7.7,16.2
51167,6.0,6.8,21.0
51169,7.5,8.0,14.6
51171,10.8,6.7,15.5
51173,6.699999999999999,5.6,18.8
51175,13.0,4.2,26.2
51177,8.2,6.5,22.5
51179,7.4,5.1,32.3
51181,7.7,5.7,26.2
51183,5.4,4.7,24.4
51185,9.6,4.6,19.6
51187,10.2,8.1,17.6
51191,8.899999999999999,7.5,17.6
51193,18.700000000000003,6.6,21.8
51195,5.300000000000001,4.9,23.0
51197,7.4,4.6,19.2
51199,8.3,8.8,27.7
51510,7.4,13.6,25.5
51520,6.7,11.1,12.3
51530,4.3,9.1,13.1
51540,9.5,14.3,25.9
51550,7.3999999999999995,7.6,22.4
51570,4.9,5.2,22.6
51580,4.5,5.7,20.6
51590,7.3999999999999995,6.5,15.5
51595,7.300000000000001,3.6,15.6
51600,7.4,10.4,20.9
51610,9.9,10.7,25.7
51620,7.300000000000001,5.3,19.3
51630,6.3,6.6,28.0
51640,6.699999999999999,7.1,19.8
51650,6.199999999999999,7.3,22.4
51660,6.4,8.7,17.8
51670,3.2,8.2,18.9
51678,5.0,24.1,20.9
51680,6.7,17.8,10.8
51683,8.3,8.5,16.4
51685,6.800000000000001,5.1,16.2
51690,5.300000000000001,5.8,13.0
51700,5.8,7.5,19.6
51710,7.1,8.2,20.2
51720,3.6,5.6,12.8
51730,6.300000000000001,5.2,18.6
51735,7.4,8.4,21.8
51740,6.1,6.6,25.6
51750,5.9,4.0,24.7
51760,7.300000000000001,10.4,15.5
51770,5.699999999999999,11.6,11.0
51775,5.9,10.2,16.8
51790,8.2,8.2,22.8
51800,6.9,7.6,24.1
51810,9.0,7.4,20.7
51820,8.0,9.9,18.0
51830,5.3,12.0,24.1
51840,8.3,12.1,13.6
53001,10.0,3.3,16.8
53003,9.7,7.1,16.7
53005,8.6,8.0,17.7
53007,11.9,7.6,15.4
53009,15.4,7.4,22.7
53011,10.2,8.0,13.5
53013,13.8,4.5,28.8
53015,9.2,8.3,13.7
53017,11.6,5.7,15.2
53019,15.0,7.5,45.2
53021,9.6,6.8,14.2
53023,12.0,4.0,36.2
53025,9.3,5.0,20.1
53027,11.2,8.0,24.2
53029,13.7,8.1,20.6
53031,21.3,8.1,16.4
53033,9.9,8.9,11.3
53035,10.0,7.8,28.4
53037,13.5,6.2,24.0
53039,18.5,7.4,20.5
53041,11.700000000000001,6.9,19.1
53043,17.5,6.0,30.7
53045,12.0,7.6,24.7
53047,14.6,9.3,24.9
53049,16.6,7.1,22.1
53051,11.9,6.3,19.1
53053,7.5,8.2,18.4
53055,31.1,10.1,14.7
53057,10.899999999999999,7.1,15.7
53059,13.7,4.7,17.9
53061,9.1,7.1,12.8
53063,10.0,11.5,15.6
53065,14.399999999999999,8.7,20.0
53067,9.399999999999999,7.9,28.5
53069,14.899999999999999,10.3,19.1
53071,13.0,11.7,20.1
53073,12.600000000000001,8.2,16.0
53075,7.5,6.0,36.4
53077,7.8,8.1,15.8
54001,4.5,6.0,17.4
54003,5.1,6.4,20.4
54005,4.300000000000001,6.2,24.2
54007,7.3999999999999995,4.1,20.1
54009,4.3,10.6,16.8
54011,5.7,8.6,20.0
54013,8.100000000000001,7.8,18.3
54015,3.5,11.9,24.8
54017,8.6,6.4,19.6
54019,6.8,6.5,18.3
54021,7.1,8.0,26.6
54023,8.6,4.6,19.9
54025,8.2,7.9,15.2
54027,9.8,6.5,18.4
54029,8.899999999999999,8.3,14.6
54031,12.3,2.4,19.1
54033,6.1,7.9,22.5
54035,8.2,7.8,18.5
54037,9.6,5.0,21.8
54039,6.9,10.2,20.2
54041,7.9,3.9,16.6
54043,7.6,6.4,21.3
54045,5.0,6.1,20.2
54047,5.6,8.1,30.9
54049,6.1,8.5,16.6
54051,3.8,8.7,18.6
54053,3.1,8.5,15.0
54055,6.6,6.2,21.0
54057,6.1,4.5,17.4
54059,6.7,7.3,21.3
54061,5.9,11.0,23.3
54063,9.4,6.8,12.5
54065,7.2,7.6,20.1
54067,10.5,8.9,16.9
54069,7.1,11.2,16.4
54071,14.399999999999999,6.9,18.3
54073,7.4,6.3,17.3
54075,9.3,10.3,21.5
54077,7.800000000000001,6.6,19.9
54079,6.3,8.2,16.0
54081,6.6,6.0,22.1
54083,8.1,8.9,15.3
54085,10.6,2.2,27.3
54087,8.8,10.4,19.7
54089,9.6,7.7,24.2
54091,4.6,3.5,23.5
54093,8.399999999999999,11.4,32.1
54095,5.699999999999999,7.7,19.7
54097,8.3,6.7,13.7
54099,6.5,9.8,18.1
54101,9.600000000000001,5.9,19.4
54103,5.7,6.0,17.8
54105,6.1,5.8,19.0
54107,6.9,8.8,16.1
54109,4.0,6.7,26.6
55001,9.4,5.2,13.9
55003,9.8,9.0,15.8
55005,14.0,8.2,11.4
55007,16.9,9.8,20.7
55009,7.3,8.8,9.9
55011,15.5,7.3,9.7
55013,14.3,10.2,15.4
55015,6.5,9.3,10.1
55017,12.3,8.2,11.4
55019,18.299999999999997,7.6,9.1
55021,10.2,7.2,15.0
55023,11.9,7.3,14.0
55025,7.300000000000001,9.8,20.4
55027,8.6,7.9,9.3
55029,16.299999999999997,9.5,11.3
55031,7.3,11.2,14.8
55033,10.9,6.5,13.8
55035,9.2,9.4,12.6
55037,13.9,4.8,19.4
55039,7.3,8.4,11.1
55041,11.4,5.7,23.9
55043,11.6,6.2,15.5
55045,12.5,7.4,11.3
55047,13.0,8.2,12.5
55049,12.6,6.7,11.3
55051,17.9,7.9,19.7
55053,13.5,6.1,15.2
55055,8.4,9.3,11.4
55057,10.0,8.3,18.7
55059,6.3,6.8,13.0
55061,10.8,6.1,9.6
55063,6.8,14.0,13.0
55065,15.7,4.6,12.3
55067,11.8,7.1,11.9
55069,8.899999999999999,8.4,13.0
55071,7.800000000000001,8.5,8.8
55073,9.399999999999999,8.6,9.9
55075,9.899999999999999,6.7,9.3
55077,11.8,4.8,13.2
55078,4.7,6.1,61.3
55079,5.9,11.4,11.5
55081,11.2,7.2,20.5
55083,12.0,5.6,12.2
55085,12.3,9.8,12.8
55087,7.699999999999999,9.5,9.3
55089,9.9,11.3,8.9
55091,16.4,6.6,14.7
55093,9.8,8.8,14.4
55095,11.899999999999999,8.8,12.4
55097,8.0,7.5,13.2
55099,16.1,4.8,11.0
55101,7.3,7.9,10.0
55103,12.8,8.5,11.2
55105,7.800000000000001,7.9,10.3
55107,15.6,6.4,12.4
55109,10.1,8.3,12.6
55111,10.2,6.6,11.4
55113,16.9,8.7,19.8
55115,13.1,6.8,13.2
55117,7.300000000000001,7.1,8.6
55119,16.4,8.7,8.9
55121,11.899999999999999,6.2,11.6
55123,12.3,14.2,12.8
55125,18.9,8.6,17.1
55127,9.6,7.3,11.7
55129,13.200000000000001,9.4,14.8
55131,8.2,9.5,9.3
55133,8.7,10.5,8.7
55135,9.9,6.0,12.6
55137,10.2,6.4,15.4
55139,6.6,8.3,11.6
55141,8.8,11.2,10.1
56001,7.2,10.7,30.9
56003,14.5,6.1,20.1
56005,10.7,4.3,17.1
56007,6.1,4.1,25.1
56009,12.3,4.1,19.4
56011,15.7,4.3,21.9
56013,16.6,6.3,30.7
56015,18.2,11.1,18.8
56017,19.9,11.2,26.5
56019,28.0,7.5,20.6
56021,8.7,7.8,25.9
56023,15.700000000000001,6.8,17.2
56025,10.6,7.7,14.6
56027,32.8,3.1,29.4
56029,14.0,8.6,18.5
56031,18.1,8.9,11.8
56033,14.0,10.6,19.5
56035,18.0,3.6,14.9
56037,7.0,4.7,17.2
56039,15.700000000000001,9.2,13.8
56041,10.7,7.0,16.9
56043,11.799999999999999,7.1,27.4
56045,10.9,6.6,13.5
72001,13.899999999999999,1.6,33.4
72003,21.4,2.0,16.0
72005,13.2,2.0,22.9
72007,16.3,2.3,20.8
72009,10.2,3.6,19.4
72011,12.4,1.7,16.8
72013,10.200000000000001,3.6,21.5
72015,5.1,5.9,28.1
72017,11.299999999999999,1.9,24.2
72019,14.5,4.5,21.1
72021,11.8,4.0,19.5
72023,14.8,2.1,18.8
72025,12.600000000000001,5.9,18.1
72027,10.8,3.8,20.6
72029,12.2,2.4,20.1
72031,11.399999999999999,5.7,19.7
72033,10.5,5.0,18.6
72035,13.8,2.4,22.3
72037,19.6,7.5,18.8
72039,14.1,3.3,21.8
72041,12.5,4.6,17.2
72043,13.700000000000001,1.2,26.6
72045,9.6,3.6,22.1
72047,14.5,1.7,25.1
72049,19.2,5.3,43.8
72051,15.899999999999999,2.7,19.3
72053,15.4,3.6,20.0
72054,8.0,4.7,23.6
72055,5.8,3.7,35.2
72057,7.199999999999999,4.7,27.0
72059,7.300000000000001,1.4,36.4
72061,16.6,3.8,19.2
72063,14.7,3.4,18.9
72065,10.200000000000001,1.7,25.0
72067,6.5,4.2,27.3
72069,14.2,4.7,22.1
72071,11.9,6.3,24.4
72073,6.1,3.5,31.3
72075,11.299999999999999,2.3,19.4
72077,9.4,3.0,17.5
72079,7.7,5.5,19.8
72081,12.7,2.0,20.7
72083,10.8,4.0,40.7
72085,9.4,4.1,23.7
72087,4.7,4.2,24.1
72089,16.3,2.3,20.6
72091,12.600000000000001,1.7,16.7
72093,4.3,1.1,35.6
72095,2.5,7.2,36.7
72097,11.5,6.2,20.3
72099,14.4,1.1,22.2
72101,10.9,2.8,21.7
72103,16.3,5.4,22.8
72105,9.5,2.0,25.4
72107,12.899999999999999,1.8,25.5
72109,12.6,0.4,27.0
72111,9.0,2.2,31.9
72113,10.3,5.6,19.6
72115,15.5,1.6,20.7
72117,21.8,1.4,19.5
72119,13.6,4.4,21.8
72121,12.8,1.9,25.8
72123,7.4,1.2,22.1
72125,8.9,2.4,28.1
72127,19.6,5.2,18.6
72129,10.0,20.8,16.7
72131,17.7,5.0,21.8
72133,8.2,1.9,27.4
72135,9.0,2.6,19.7
72137,10.0,3.7,19.0
72139,13.7,8.8,19.6
72141,13.9,2.0,31.0
72143,9.8,3.5,17.1
72145,8.3,1.7,17.9
72147,18.299999999999997,0.6,52.0
72149,10.5,1.4,29.8
72151,9.6,4.1,23.2
72153,10.5,2.3,26.4
