cfips,pct_housing_vacant,pct_housing_occupant_ratio_lt1,pct_housing_grapi_gt35
01001,9.1,98.9,44.9
01003,30.8,99.0,39.0
01005,22.9,98.0,38.5
01007,24.1,99.5,36.0
01009,14.4,98.2,31.0
01011,18.7,99.9,47.6
01013,29.6,98.4,35.2
01015,15.9,98.4,39.2
01017,19.4,96.7,34.2
01019,34.4,98.4,44.4
01021,14.1,97.3,39.7
01023,25.5,98.5,48.4
01025,24.4,98.0,32.5
01027,21.5,99.5,19.7
01029,14.9,98.9,30.6
01031,14.8,98.8,37.1
01033,16.5,99.4,45.3
01035,33.8,98.5,41.9
01037,35.6,98.5,16.4
01039,19.1,98.1,32.0
01041,20.9,99.2,35.3
01043,17.1,98.3,38.0
01045,18.2,98.7,38.2
01047,18.8,96.1,48.4
01049,18.8,97.2,31.2
01051,13.9,98.7,33.1
01053,20.1,97.7,41.8
01055,18.0,98.6,36.8
01057,17.7,98.5,40.9
01059,18.4,96.3,34.8
01061,16.2,98.4,30.8
01063,40.2,96.5,50.1
01065,26.9,96.3,52.9
01067,25.7,99.3,38.7
01069,15.6,98.7,39.6
01071,18.6,97.7,33.4
01073,14.6,98.7,43.3
01075,18.6,98.8,41.0
01077,13.3,98.8,34.8
01079,14.9,98.8,30.0
01081,12.1,97.1,49.3
01083,9.7,98.2,37.5
01085,16.5,98.7,50.7
01087,23.5,98.7,45.5
01089,9.4,98.6,37.4
01091,22.6,98.6,38.7
01093,15.9,98.7,31.8
01095,14.8,96.7,37.6
01097,15.7,98.0,44.9
01099,27.9,99.1,42.1
01101,13.6,98.3,45.3
01103,11.3,97.9,36.8
01105,36.0,97.7,66.0
01107,20.1,98.2,40.9
01109,23.3,97.9,48.8
01111,26.4,97.2,34.1
01113,16.5,96.7,39.2
01115,11.1,99.1,34.7
01117,9.6,98.9,32.0
01119,25.8,99.1,54.1
01121,15.7,98.5,37.1
01123,26.5,96.3,42.4
01125,20.0,98.0,43.5
01127,18.9,98.2,45.8
01129,29.2,97.5,20.8
01131,32.7,99.7,29.0
01133,30.6,98.9,32.8
02013,22.7,97.3,26.1
02016,38.5,90.4,18.2
02020,8.4,95.6,35.6
02050,24.5,65.1,25.7
02060,62.0,95.5,11.1
02068,59.4,95.9,11.3
02070,42.5,77.5,26.0
02090,17.0,94.3,40.5
02100,32.9,92.7,18.7
02105,51.4,95.9,26.9
02110,8.8,96.1,29.4
02122,29.8,95.8,33.7
02130,16.5,95.5,43.8
02150,15.5,91.0,43.2
02158,21.9,51.0,18.0
02164,71.0,90.2,9.4
02170,26.6,94.8,41.2
02180,29.0,70.3,35.4
02185,21.2,69.2,21.8
02188,31.8,63.0,22.4
02195,31.3,97.5,36.6
02198,32.1,94.0,26.6
02220,15.1,97.3,35.6
02230,35.3,96.7,15.0
02240,45.4,91.9,34.0
02261,53.8,96.6,32.3
02275,26.1,97.5,32.6
02282,36.3,95.3,15.6
02290,51.8,83.6,38.0
04001,40.4,86.0,22.3
04003,18.9,97.4,37.6
04005,26.7,92.7,45.5
04007,35.1,96.0,38.7
04009,17.8,94.3,37.1
04011,24.3,95.7,10.5
04012,45.9,95.2,35.0
04013,12.4,95.5,39.5
04015,25.9,95.8,37.8
04017,40.6,91.7,36.7
04019,12.2,96.2,44.1
04021,20.9,96.3,41.2
04023,14.4,94.6,42.8
04025,17.2,97.6,43.8
04027,21.2,93.4,39.0
05001,18.6,99.1,36.1
05003,19.4,98.3,49.0
05005,19.3,98.2,32.4
05007,9.4,96.9,27.6
05009,12.3,97.4,30.7
05011,21.6,96.4,43.6
05013,29.2,99.3,55.8
05015,20.6,94.8,30.1
05017,20.4,97.5,45.3
05019,16.0,97.6,36.9
05021,20.0,97.4,41.2
05023,33.5,98.4,39.0
05025,19.4,99.0,33.7
05027,19.7,95.9,35.6
05029,16.3,97.5,44.4
05031,9.6,97.6,38.9
05033,10.5,97.1,36.5
05035,14.0,96.2,45.2
05037,15.5,98.4,31.3
05039,26.9,99.3,13.8
05041,17.1,98.5,42.5
05043,17.9,98.5,48.1
05045,11.4,97.9,40.6
05047,14.8,97.3,45.5
05049,24.8,95.6,42.1
05051,21.2,97.9,46.7
05053,13.8,98.2,35.5
05055,10.0,98.3,34.5
05057,24.4,96.8,42.8
05059,14.7,98.5,41.6
05061,19.5,96.8,31.9
05063,12.8,97.5,35.6
05065,28.6,98.5,36.9
05067,18.6,97.6,40.7
05069,17.8,98.1,41.5
05071,13.3,95.2,38.0
05073,34.5,98.6,46.9
05075,17.6,98.8,28.5
05077,19.0,98.0,43.9
05079,20.1,95.7,31.2
05081,18.4,98.6,37.2
05083,18.7,97.7,29.8
05085,8.8,97.6,31.8
05087,18.0,96.9,33.1
05089,29.2,98.4,34.0
05091,12.8,97.9,44.7
05093,16.1,96.6,39.0
05095,25.2,97.6,33.9
05097,33.8,97.6,27.4
05099,24.5,95.9,31.8
05101,32.7,97.7,26.2
05103,23.5,96.9,43.2
05105,25.4,96.8,26.4
05107,23.1,97.6,45.3
05109,23.3,97.4,31.4
05111,13.5,94.5,32.7
05113,20.3,94.8,36.9
05115,11.3,97.7,34.9
05117,13.4,96.4,29.5
05119,14.7,98.2,39.5
05121,14.2,97.2,39.6
05123,15.1,97.7,42.5
05125,9.3,97.8,28.2
05127,24.1,96.1,48.1
05129,32.2,98.1,48.6
05131,10.6,97.0,38.5
05133,13.6,92.6,31.3
05135,26.0,96.0,42.3
05137,28.2,99.0,28.4
05139,18.4,94.9,43.2
05141,34.1,98.1,46.7
05143,7.4,96.2,34.7
05145,12.9,98.0,36.5
05147,26.1,98.5,40.0
05149,23.1,95.5,30.1
06001,4.7,92.7,41.2
06003,82.5,96.7,37.8
06005,22.3,98.1,50.7
06007,12.2,97.0,52.6
06009,36.8,98.3,47.2
06011,11.8,91.7,37.9
06013,4.8,95.4,44.0
06015,14.8,96.5,41.9
06017,23.7,97.9,43.6
06019,7.5,90.6,48.9
06021,9.4,95.2,41.8
06023,13.8,96.3,51.7
06025,21.0,89.4,44.4
06027,15.7,98.0,30.4
06029,9.7,91.0,45.3
06031,6.6,91.6,41.1
06033,26.4,97.0,54.5
06035,25.9,98.9,37.3
06037,6.0,88.3,49.4
06039,11.2,90.4,48.8
06041,6.9,96.1,43.3
06043,28.4,98.5,45.3
06045,16.3,94.9,50.5
06047,6.2,90.8,44.2
06049,30.7,97.3,41.2
06051,65.1,98.2,19.7
06053,10.4,87.1,45.3
06055,11.6,94.2,42.5
06057,24.4,97.9,48.3
06059,5.2,91.1,47.5
06061,13.2,97.8,42.0
06063,47.4,99.2,48.8
06065,13.9,93.0,49.9
06067,5.7,95.1,45.7
06069,4.8,91.9,40.3
06071,12.4,91.2,49.4
06073,7.0,93.5,46.7
06075,8.1,93.8,32.5
06077,6.5,92.9,46.9
06079,12.6,96.6,45.9
06081,4.8,92.3,41.3
06083,7.3,89.7,47.1
06085,4.2,92.1,38.6
06087,9.5,93.1,53.1
06089,9.9,96.9,49.0
06091,49.4,99.8,32.4
06093,20.9,96.9,48.5
06095,5.5,95.0,45.5
06097,8.6,94.9,45.7
06099,5.2,93.3,46.6
06101,5.9,93.0,40.6
06103,13.3,94.8,48.6
06105,38.0,97.4,55.8
06107,7.9,90.0,47.1
06109,29.2,97.0,44.2
06111,5.6,93.2,47.5
06113,5.3,94.7,47.0
06115,8.3,93.3,45.3
08001,4.0,94.7,42.0
08003,11.9,95.0,43.3
08005,4.4,97.0,42.4
08007,39.1,96.0,38.8
08009,29.0,99.0,28.7
08011,21.8,96.9,58.7
08013,5.9,98.3,48.3
08014,3.6,98.2,37.1
08015,25.7,98.9,42.2
08017,15.7,99.5,13.8
08019,24.0,98.3,32.3
08021,31.7,96.1,25.7
08023,43.8,98.2,51.8
08025,23.4,97.8,36.3
08027,52.4,97.7,40.2
08029,17.7,97.1,48.9
08031,6.3,96.6,39.3
08033,50.3,98.2,31.6
08035,3.6,98.9,31.8
08037,44.3,96.3,39.8
08039,4.9,98.7,30.7
08041,5.9,97.3,40.6
08043,14.6,98.2,41.5
08045,11.3,93.9,32.2
08047,27.2,99.1,29.7
08049,65.3,96.5,32.2
08051,44.8,96.7,35.9
08053,74.4,97.6,26.0
08055,39.1,99.0,45.1
08057,54.5,100.0,43.2
08059,3.7,98.6,41.3
08061,28.0,99.7,20.2
08063,15.6,99.2,33.7
08065,29.1,97.9,33.7
08067,19.5,97.7,41.3
08069,8.5,98.5,48.3
08071,25.8,97.0,41.2
08073,22.4,99.5,38.6
08075,10.1,97.8,41.4
08077,7.2,97.9,43.9
08079,68.9,99.5,17.0
08081,18.6,98.1,28.0
08083,14.1,97.4,36.5
08085,9.4,96.7,40.4
08087,9.0,95.3,28.6
08089,16.5,97.9,45.0
08091,31.4,99.0,40.7
08093,48.5,99.0,49.2
08095,12.1,95.4,24.4
08097,45.9,98.6,36.2
08099,17.7,97.8,34.9
08101,10.1,97.6,45.1
08103,28.3,96.9,32.1
08105,29.4,96.0,34.7
08107,42.9,97.2,44.2
08109,34.7,94.4,39.5
08111,64.5,96.9,10.7
08113,51.2,97.0,46.9
08115,23.1,97.3,32.9
08117,69.2,95.5,39.3
08119,22.5,98.0,44.9
08121,16.1,97.6,21.0
08123,4.2,97.1,38.3
08125,9.7,96.9,33.3
09001,8.5,97.2,45.5
09003,7.7,98.2,40.9
09005,15.3,99.1,39.4
09007,12.3,99.0,39.4
09009,10.4,98.3,45.5
09011,12.6,98.5,38.4
09013,7.1,99.2,40.9
09015,10.2,98.1,41.4
10001,8.8,98.0,43.1
10003,8.3,98.6,40.2
10005,35.1,97.9,37.7
11001,9.8,96.4,38.7
12001,15.4,98.0,51.3
12003,15.6,96.4,29.3
12005,32.3,98.1,41.7
12007,18.5,97.8,37.9
12009,17.3,98.6,44.5
12011,17.4,96.1,51.4
12013,23.7,97.6,38.9
12015,27.1,98.5,48.9
12017,20.7,98.4,45.1
12019,8.7,98.0,38.6
12021,33.4,95.6,44.7
12023,14.2,96.9,37.8
12027,21.7,94.2,40.8
12029,31.4,95.4,40.2
12031,13.0,97.8,41.6
12033,15.7,98.9,40.4
12035,21.6,98.4,45.7
12037,49.9,97.3,35.3
12039,12.0,96.5,41.8
12041,13.9,98.2,30.7
12043,38.5,96.7,39.7
12045,43.5,99.6,43.8
12047,21.5,96.3,38.9
12049,20.6,91.0,41.0
12051,17.5,91.9,35.9
12053,15.7,98.4,47.1
12055,25.5,97.2,43.9
12057,10.3,96.6,43.0
12059,19.1,97.9,51.6
12061,26.2,98.6,48.0
12063,19.1,96.7,39.9
12065,14.6,97.7,46.1
12067,32.0,94.8,25.2
12069,15.8,97.8,43.7
12071,31.0,97.5,43.0
12073,12.1,97.8,49.6
12075,22.2,97.7,39.9
12077,34.0,96.8,14.5
12079,21.3,95.5,47.4
12081,23.7,97.6,46.4
12083,19.0,98.4,41.1
12085,20.2,98.0,41.1
12086,14.9,93.8,56.3
12087,43.4,96.5,48.6
12089,18.1,98.7,42.6
12091,19.9,98.2,39.4
12093,28.3,95.4,39.4
12095,12.7,97.0,47.1
12097,31.1,96.5,50.7
12099,19.9,96.8,50.8
12101,17.5,98.3,43.9
12103,19.7,98.3,44.9
12105,21.5,96.3,41.3
12107,25.0,97.5,51.7
12109,16.5,99.2,44.5
12111,20.8,97.6,51.9
12113,12.4,97.8,36.1
12115,24.1,98.6,44.4
12117,13.6,98.3,42.0
12119,21.8,99.0,45.0
12121,20.4,96.9,29.6
12123,33.0,96.7,20.4
12125,13.4,97.8,26.0
12127,18.7,98.7,50.5
12129,16.0,97.7,32.9
12131,48.5,96.1,41.5
12133,21.0,97.8,42.0
13001,21.5,96.7,27.7
13003,19.0,98.3,34.4
13005,17.0,97.3,34.3
13007,25.4,94.8,39.2
13009,20.2,98.7,54.8
13011,15.3,97.4,44.3
13013,10.5,97.8,34.1
13015,8.1,97.3,38.0
13017,20.0,99.3,38.7
13019,17.3,98.3,36.7
13021,18.4,98.1,47.7
13023,21.8,98.7,41.5
13025,17.9,97.2,26.6
13027,18.4,95.5,35.9
13029,7.9,98.6,46.2
13031,12.6,97.6,50.6
13033,19.0,97.4,42.2
13035,13.9,98.9,48.1
13037,22.4,97.9,36.0
13039,12.8,97.8,35.8
13043,14.5,94.7,54.5
13045,8.8,97.8,36.9
13047,8.8,98.7,32.3
13049,21.3,99.4,29.6
13051,13.1,98.0,42.2
13053,25.2,98.0,41.1
13055,15.6,92.8,23.6
13057,5.4,98.3,35.1
13059,11.5,97.6,51.7
13061,41.4,98.3,58.8
13063,12.8,96.6,45.3
13065,14.2,96.8,39.5
13067,7.1,98.1,37.7
13069,16.6,97.7,38.0
13071,15.7,96.2,44.3
13073,16.6,99.0,34.6
13075,17.5,98.8,38.6
13077,4.5,98.0,39.1
13079,11.7,96.9,26.2
13081,22.9,97.2,49.1
13083,17.0,97.8,46.7
13085,21.6,98.0,40.2
13087,15.5,92.3,37.3
13089,11.1,97.4,42.9
13091,20.0,97.9,33.5
13093,17.4,97.9,45.1
13095,14.4,97.0,44.8
13097,7.2,98.0,38.8
13099,18.9,94.1,35.9
13101,13.0,96.7,46.5
13103,8.9,97.7,37.2
13105,19.4,98.4,46.8
13107,15.6,96.7,39.6
13109,14.7,97.2,35.4
13111,39.6,98.9,34.8
13113,5.1,98.9,35.6
13115,12.2,97.4,38.5
13117,5.7,98.9,36.4
13119,21.3,97.9,36.5
13121,14.1,98.3,40.7
13123,32.1,97.5,39.2
13125,28.7,95.4,33.2
13127,21.5,97.6,38.3
13129,10.9,96.8,35.0
13131,15.9,96.9,46.3
13133,26.8,98.7,45.6
13135,6.3,97.1,42.9
13137,17.6,96.4,39.4
13139,11.0,94.8,38.0
13141,44.6,99.4,54.8
13143,10.9,97.9,35.5
13145,12.9,98.7,37.9
13147,24.7,98.9,42.0
13149,15.5,95.4,37.6
13151,7.9,98.7,37.6
13153,10.2,97.0,39.2
13155,18.2,99.3,42.6
13157,10.9,98.6,42.8
13159,19.6,96.5,36.1
13161,19.8,95.5,38.9
13163,20.4,97.5,45.1
13165,26.1,95.6,49.9
13167,20.5,97.3,50.5
13169,11.1,99.1,42.3
13171,17.1,98.8,45.5
13173,14.6,99.5,47.5
13175,18.8,97.6,44.2
13177,5.4,99.1,31.3
13179,16.6,98.1,40.4
13181,29.2,97.4,26.8
13183,17.5,98.1,44.8
13185,13.0,97.3,42.7
13187,14.3,98.7,53.6
13189,12.6,97.4,48.2
13191,39.6,98.5,45.9
13193,24.3,97.9,53.0
13195,11.4,97.3,41.2
13197,22.0,97.8,31.0
13199,18.8,97.5,55.0
13201,15.8,95.0,57.8
13205,11.6,97.2,36.9
13207,12.6,97.9,40.2
13209,22.2,97.8,30.0
13211,11.9,98.0,24.7
13213,11.6,96.3,33.4
13215,13.0,97.8,43.5
13217,7.5,98.1,43.5
13219,5.9,98.2,35.3
13221,14.5,98.7,39.7
13223,5.5,98.4,38.8
13225,11.6,98.3,44.3
13227,17.8,98.4,32.3
13229,13.8,98.5,46.7
13231,13.3,97.8,32.2
13233,12.0,96.0,40.0
13235,18.8,96.8,42.8
13237,33.3,99.1,48.4
13239,52.8,98.3,58.4
13241,48.2,97.7,42.9
13243,22.5,98.2,30.2
13245,17.5,97.9,46.3
13247,10.4,97.5,43.6
13249,12.3,97.7,38.6
13251,21.8,96.8,41.0
13253,30.6,94.2,49.1
13255,13.6,97.7,44.8
13257,25.3,97.0,47.0
13259,24.4,98.9,65.5
13261,14.5,97.1,51.4
13263,17.8,96.9,31.7
13265,34.9,97.5,33.3
13267,19.4,95.2,29.1
13269,22.4,95.9,38.3
13271,28.8,98.5,35.2
13273,21.2,97.5,52.3
13275,16.0,97.4,44.9
13277,9.7,97.7,37.1
13279,13.6,95.0,36.1
13281,43.0,98.8,45.7
13283,21.2,98.6,29.8
13285,13.0,98.5,42.4
13287,20.5,94.5,52.9
13289,30.6,99.5,49.7
13291,39.0,99.4,35.7
13293,15.5,97.5,39.2
13295,15.6,96.7,37.0
13297,7.7,98.5,46.0
13299,16.0,98.5,38.5
13301,23.5,98.5,41.4
13303,19.5,96.8,43.6
13305,15.3,97.5,38.9
13307,24.6,99.5,18.6
13309,24.7,97.2,42.9
13311,30.4,98.7,41.2
13313,11.2,93.7,33.8
13315,24.0,97.8,51.0
13317,23.2,99.7,41.0
13319,26.5,97.9,46.3
13321,15.2,99.1,50.5
15001,22.3,93.6,46.0
15003,10.1,90.6,48.7
15005,44.2,100.0,14.3
15007,26.3,92.2,36.5
15009,24.6,89.3,38.4
16001,4.6,98.6,39.4
16003,35.0,97.0,31.8
16005,9.1,97.5,39.4
16007,42.8,98.1,29.9
16009,25.5,95.0,39.7
16011,9.7,96.4,30.4
16013,45.9,99.0,34.6
16015,44.8,99.3,26.0
16017,29.6,97.8,42.2
16019,7.7,96.7,37.9
16021,16.2,97.0,29.6
16023,21.6,99.2,21.7
16025,54.3,96.8,42.9
16027,5.4,95.9,36.8
16029,22.5,97.1,23.4
16031,9.2,95.9,32.7
16033,43.4,89.1,30.3
16035,18.6,98.6,35.4
16037,42.1,96.9,48.6
16039,18.8,97.3,33.0
16041,9.3,96.2,29.9
16043,50.3,96.0,29.3
16045,11.4,97.3,34.2
16047,10.0,93.9,31.2
16049,26.0,96.0,27.4
16051,7.0,96.9,29.3
16053,7.8,94.8,30.7
16055,13.3,98.1,37.9
16057,7.1,98.2,49.4
16059,23.3,97.2,41.1
16061,14.8,97.5,32.4
16063,19.3,94.8,21.9
16065,20.0,90.8,63.2
16067,7.4,96.3,25.2
16069,7.8,97.8,36.6
16071,19.6,96.5,22.9
16073,13.7,95.8,41.6
16075,7.5,95.0,30.7
16077,15.0,97.7,12.3
16079,20.9,97.6,35.5
16081,32.9,98.1,23.2
16083,7.3,97.5,37.6
16085,70.8,97.7,37.0
16087,13.9,97.3,48.3
17001,9.0,99.1,37.3
17003,39.0,97.7,32.3
17005,15.0,96.4,30.9
17007,6.7,96.9,29.6
17009,15.7,98.1,17.4
17011,12.0,99.0,31.3
17013,34.5,97.8,43.9
17015,22.3,98.9,27.4
17017,11.5,97.8,30.5
17019,10.3,95.3,47.0
17021,10.9,98.9,33.7
17023,12.6,98.2,28.4
17025,12.3,96.5,23.4
17027,9.7,99.1,30.7
17029,10.8,98.9,47.0
17031,10.4,96.5,42.2
17033,11.8,98.5,33.5
17035,12.2,98.0,25.7
17037,9.0,97.3,42.4
17039,11.4,98.1,35.6
17041,10.1,97.7,34.9
17043,5.0,97.6,37.4
17045,13.1,99.2,37.8
17047,11.7,99.0,16.3
17049,9.2,98.8,21.1
17051,17.6,97.7,31.1
17053,10.3,99.1,26.9
17055,12.4,98.7,42.1
17057,13.7,98.6,31.7
17059,17.3,99.1,30.1
17061,20.6,98.7,28.0
17063,7.6,99.0,34.3
17065,16.9,99.3,28.2
17067,18.7,98.7,26.3
17069,33.8,99.4,28.6
17071,21.8,98.3,16.7
17073,9.8,99.4,33.4
17075,12.3,98.1,36.9
17077,17.2,98.7,51.4
17079,14.4,99.5,44.0
17081,10.1,97.9,38.7
17083,12.6,98.8,42.9
17085,28.4,98.7,23.8
17087,20.3,98.7,38.0
17089,5.2,96.1,40.6
17091,11.4,98.5,36.2
17093,3.8,98.1,35.7
17095,12.4,98.7,35.6
17097,6.9,97.5,39.2
17099,11.3,98.9,38.9
17101,11.0,97.4,26.0
17103,11.1,98.3,32.8
17105,9.6,98.7,37.1
17107,8.9,99.2,24.7
17109,20.5,98.2,45.5
17111,5.9,98.4,37.5
17113,8.0,98.6,38.8
17115,12.2,98.8,38.6
17117,13.8,98.7,44.4
17119,9.7,98.9,40.7
17121,12.2,98.1,39.0
17123,17.0,99.1,32.3
17125,14.5,99.2,32.6
17127,14.7,98.1,40.3
17129,8.4,98.0,31.7
17131,10.6,99.4,28.2
17133,5.1,99.4,39.2
17135,14.3,98.7,35.7
17137,10.5,99.0,38.0
17139,8.6,98.2,29.9
17141,8.0,97.9,31.5
17143,11.0,98.5,38.3
17145,14.0,99.2,42.6
17147,9.6,99.4,23.2
17149,16.9,98.8,26.8
17151,41.0,98.8,51.5
17153,29.1,99.3,44.9
17155,22.0,99.1,19.1
17157,13.3,99.0,26.6
17159,14.0,98.5,33.6
17161,9.1,97.9,36.1
17163,13.6,98.5,43.3
17165,15.2,98.1,35.3
17167,8.3,98.5,41.0
17169,17.3,99.8,15.2
17171,13.9,98.4,31.3
17173,13.1,98.2,27.9
17175,12.5,98.9,26.8
17177,10.9,99.2,35.7
17179,6.5,98.9,28.0
17181,16.4,97.4,28.0
17183,13.2,98.4,37.4
17185,11.7,98.4,36.6
17187,11.6,96.5,29.0
17189,11.1,98.8,26.4
17191,10.7,98.0,25.5
17193,14.5,98.6,29.1
17195,9.1,98.9,32.6
17197,6.1,98.1,42.8
17199,13.6,99.0,33.5
17201,9.0,97.9,40.1
17203,6.0,99.2,28.7
18001,5.7,94.4,40.5
18003,8.5,98.4,36.4
18005,7.2,97.0,28.7
18007,13.3,98.2,36.3
18009,13.9,98.7,39.0
18011,6.7,98.7,36.2
18013,30.0,98.0,43.2
18015,18.0,98.2,24.6
18017,9.5,97.4,38.0
18019,12.1,99.1,33.3
18021,9.4,98.3,39.3
18023,10.1,97.9,30.0
18025,27.7,98.2,42.0
18027,8.5,97.4,34.4
18029,8.3,98.6,35.8
18031,8.5,98.7,24.8
18033,8.4,99.2,28.3
18035,12.1,99.0,48.5
18037,6.9,97.4,29.6
18039,8.6,97.4,35.2
18041,13.2,98.2,42.7
18043,10.6,99.3,37.7
18045,11.1,98.9,27.9
18047,8.6,98.8,21.3
18049,18.3,99.2,34.4
18051,10.9,97.8,30.0
18053,14.2,98.7,38.5
18055,17.0,96.5,27.9
18057,4.9,99.2,31.1
18059,6.0,99.3,35.1
18061,12.9,98.3,35.9
18063,4.1,98.6,30.2
18065,14.7,99.4,36.5
18067,11.6,99.4,37.0
18069,8.6,99.0,31.9
18071,12.1,98.2,40.2
18073,9.2,97.8,38.0
18075,11.2,96.6,32.3
18077,12.1,97.5,34.0
18079,12.1,98.0,35.4
18081,7.8,98.2,35.0
18083,12.2,98.5,36.8
18085,20.4,97.6,32.0
18087,17.1,95.9,26.4
18089,12.2,97.8,41.8
18091,12.3,97.9,39.2
18093,12.7,98.4,30.7
18095,12.5,98.5,40.7
18097,12.8,98.0,43.8
18099,14.2,96.2,41.8
18101,11.6,98.0,33.4
18103,12.7,98.0,33.7
18105,9.5,98.7,52.5
18107,9.7,98.8,28.0
18109,8.5,98.3,29.5
18111,8.7,98.7,22.3
18113,10.7,97.3,28.5
18115,12.1,99.2,25.5
18117,15.0,97.7,30.3
18119,15.5,96.7,29.6
18121,25.0,96.8,35.0
18123,13.4,99.2,35.1
18125,11.9,99.4,22.2
18127,6.7,98.4,40.7
18129,11.3,99.1,40.0
18131,13.1,98.2,32.0
18133,12.0,97.0,25.2
18135,10.3,99.1,30.4
18137,8.8,96.8,30.2
18139,11.0,99.0,34.5
18141,13.3,98.5,38.8
18143,15.8,99.1,25.9
18145,8.3,97.8,32.1
18147,10.3,99.1,24.2
18149,20.7,98.4,31.1
18151,30.2,98.9,19.2
18153,14.9,97.7,43.1
18155,18.4,96.5,25.5
18157,8.0,98.3,45.7
18159,9.1,99.1,25.5
18161,11.9,98.6,39.7
18163,10.6,98.3,43.7
18165,13.0,98.4,26.3
18167,12.2,98.4,45.9
18169,8.9,98.9,36.5
18171,8.8,97.7,37.2
18173,6.2,98.1,34.6
18175,14.3,98.5,33.8
18177,15.7,98.3,35.2
18179,7.3,99.6,34.1
18181,25.5,98.3,31.8
18183,7.7,98.9,25.8
19001,13.0,99.3,24.8
19003,17.7,99.3,17.8
19005,21.8,97.6,25.9
19007,18.3,97.8,28.6
19009,10.9,99.9,25.1
19011,8.5,99.0,26.5
19013,7.8,98.4,40.5
19015,7.4,97.8,26.1
19017,7.7,99.6,29.4
19019,9.5,98.9,24.3
19021,8.8,93.0,23.6
19023,7.1,98.9,23.0
19025,16.2,98.5,34.8
19027,8.2,99.4,34.0
19029,7.8,99.7,26.9
19031,7.7,99.5,18.1
19033,14.0,99.2,29.6
19035,9.5,100.0,25.9
19037,7.1,99.3,28.1
19039,7.4,96.8,36.8
19041,11.0,97.6,33.1
19043,16.0,98.0,29.1
19045,9.2,99.6,41.4
19047,8.9,95.9,22.8
19049,5.7,97.9,30.2
19051,9.7,93.4,28.8
19053,17.8,97.5,34.6
19055,14.1,99.0,27.2
19057,9.6,98.7,38.9
19059,40.2,99.3,35.2
19061,6.7,99.0,37.2
19063,13.9,97.2,36.4
19065,13.2,99.2,36.6
19067,8.2,98.2,36.1
19069,12.9,98.4,25.9
19071,13.3,98.5,28.1
19073,13.9,99.2,36.7
19075,7.4,98.9,28.2
19077,24.0,98.8,28.5
19079,11.4,99.0,30.8
19081,9.9,99.4,35.5
19083,12.4,98.9,23.8
19085,10.4,99.2,27.5
19087,6.7,98.8,31.9
19089,11.1,99.6,31.4
19091,10.6,99.7,25.2
19093,11.2,99.8,21.3
19095,7.2,99.2,22.7
19097,11.7,99.4,27.1
19099,10.4,98.3,29.1
19101,9.6,98.4,37.2
19103,5.8,97.8,50.3
19105,7.7,98.7,28.1
19107,8.6,98.3,34.8
19109,11.1,99.1,43.1
19111,12.6,99.0,35.2
19113,6.9,98.7,32.4
19115,13.3,97.2,19.4
19117,12.2,99.9,19.8
19119,10.0,99.0,14.8
19121,6.7,99.3,26.3
19123,9.0,98.7,34.9
19125,7.2,98.9,32.2
19127,7.2,97.0,28.8
19129,8.8,98.8,38.0
19131,12.8,99.1,16.6
19133,14.7,99.1,24.2
19135,15.4,98.8,21.3
19137,11.8,97.3,37.8
19139,9.1,98.0,30.9
19141,8.4,99.1,33.3
19143,12.3,97.4,25.0
19145,11.1,98.4,33.7
19147,17.2,98.8,26.7
19149,6.1,99.6,28.7
19151,15.1,99.2,30.9
19153,6.5,97.3,35.6
19155,7.3,98.6,34.4
19157,16.5,99.4,29.3
19159,21.0,99.1,26.6
19161,19.2,99.5,27.0
19163,8.7,98.7,38.9
19165,9.3,99.0,20.7
19167,4.7,97.5,31.3
19169,4.3,98.6,50.4
19171,14.1,97.0,30.3
19173,13.2,99.0,19.7
19175,10.6,98.7,29.9
19177,21.1,97.3,22.7
19179,9.6,96.7,44.5
19181,4.1,98.9,31.8
19183,10.0,98.9,33.0
19185,17.5,96.5,26.8
19187,11.5,99.3,37.4
19189,11.5,99.0,25.3
19191,8.4,99.6,34.0
19193,7.0,97.5,33.3
19195,10.2,99.2,26.4
19197,14.2,98.9,35.5
20001,15.6,98.9,24.4
20003,14.3,99.2,24.7
20005,14.3,98.9,33.8
20007,29.5,98.8,23.5
20009,11.1,97.9,28.8
20011,21.4,96.5,33.6
20013,15.8,98.5,24.6
20015,8.6,98.0,33.8
20017,27.0,98.9,32.9
20019,33.1,98.0,38.4
20021,19.2,98.9,36.6
20023,17.4,99.8,37.7
20025,21.0,97.3,13.9
20027,16.3,99.3,20.1
20029,16.0,99.3,31.3
20031,11.4,98.2,30.1
20033,26.4,100.0,10.6
20035,15.1,97.9,33.1
20037,17.1,95.8,49.4
20039,20.1,99.6,28.0
20041,15.2,98.5,35.6
20043,14.6,97.5,25.5
20045,8.5,98.3,44.8
20047,21.6,98.7,23.4
20049,33.9,99.3,29.2
20051,11.4,99.2,38.5
20053,22.6,98.7,25.2
20055,6.1,92.0,23.3
20057,7.2,93.2,32.8
20059,11.7,98.4,32.6
20061,15.5,96.1,41.3
20063,13.1,98.7,24.2
20065,16.6,100.0,37.1
20067,11.0,97.0,15.2
20069,11.3,96.6,19.5
20071,21.0,97.8,28.3
20073,31.4,97.6,31.1
20075,24.3,98.0,7.1
20077,25.9,99.3,29.8
20079,9.1,99.2,37.8
20081,20.8,94.9,21.8
20083,22.0,99.1,8.2
20085,9.2,98.3,34.8
20087,7.5,99.1,22.3
20089,31.7,99.7,34.1
20091,4.9,98.6,30.9
20093,20.5,99.3,18.8
20095,18.3,99.1,24.7
20097,19.0,98.9,14.7
20099,19.7,97.1,33.4
20101,16.4,99.3,18.9
20103,7.3,98.7,27.3
20105,31.2,98.4,16.6
20107,20.2,96.6,32.7
20109,19.4,98.1,25.9
20111,11.2,97.2,38.7
20113,7.4,99.8,24.4
20115,18.8,98.5,20.9
20117,13.9,98.4,15.4
20119,15.6,98.4,35.4
20121,5.2,99.4,37.9
20123,17.4,97.7,26.9
20125,17.5,98.0,31.2
20127,27.5,99.5,30.3
20129,24.0,100.0,28.4
20131,10.2,98.9,24.3
20133,15.8,97.1,34.1
20135,22.2,98.6,11.9
20137,25.1,98.8,29.8
20139,12.6,98.5,36.3
20141,21.6,99.1,24.2
20143,12.6,98.9,32.1
20145,18.2,99.5,16.5
20147,24.3,97.5,27.6
20149,8.5,97.5,28.9
20151,16.7,97.4,31.5
20153,19.1,99.7,23.6
20155,12.0,96.9,36.1
20157,20.1,98.9,24.8
20159,14.2,98.3,36.7
20161,11.9,95.9,44.4
20163,22.5,98.3,16.5
20165,21.4,99.1,35.4
20167,18.6,99.4,33.7
20169,8.4,98.9,40.0
20171,6.0,96.6,29.2
20173,9.8,97.8,36.8
20175,7.7,93.3,24.9
20177,10.3,97.7,38.1
20179,8.9,99.7,16.8
20181,12.8,98.9,36.4
20183,26.1,99.8,30.4
20185,22.8,98.6,25.7
20187,26.0,98.0,28.0
20189,15.2,98.3,32.0
20191,15.9,98.8,32.5
20193,8.6,99.4,28.8
20195,18.0,100.0,30.4
20197,16.6,97.8,19.9
20199,24.4,100.0,12.8
20201,20.5,99.1,17.8
20203,13.1,96.1,22.8
20205,16.8,98.1,39.9
20207,24.6,98.7,28.4
20209,12.4,96.2,41.5
21001,17.2,97.0,41.1
21003,18.2,97.6,30.3
21005,7.6,99.0,28.0
21007,17.5,99.1,35.4
21009,13.5,97.3,37.4
21011,17.4,98.4,35.5
21013,16.2,98.0,51.4
21015,5.0,99.0,30.7
21017,10.1,98.8,39.0
21019,11.8,99.1,42.5
21021,12.5,99.0,39.2
21023,11.2,98.0,41.7
21025,15.2,97.1,34.0
21027,30.4,97.3,28.0
21029,6.0,98.3,33.8
21031,14.5,97.7,29.0
21033,15.4,99.6,21.6
21035,20.6,99.3,50.0
21037,10.2,98.7,36.0
21039,19.0,97.0,34.2
21041,15.9,93.7,41.0
21043,15.9,98.1,39.3
21045,14.5,98.9,21.0
21047,15.3,97.7,37.4
21049,9.9,98.1,32.3
21051,13.8,97.0,52.4
21053,24.2,98.5,29.7
21055,19.2,98.4,27.8
21057,26.3,99.4,25.8
21059,7.5,97.6,35.8
21061,25.5,97.1,36.6
21063,22.9,99.5,54.9
21065,18.4,96.9,38.8
21067,8.8,98.0,41.5
21069,12.2,97.4,32.7
21071,17.7,97.4,46.8
21073,10.5,98.2,33.4
21075,26.7,99.1,41.7
21077,22.7,97.8,23.2
21079,7.6,96.9,42.9
21081,14.6,95.5,43.0
21083,14.9,97.9,45.1
21085,29.5,98.0,39.8
21087,15.8,99.4,42.1
21089,13.8,98.6,39.6
21091,9.9,99.3,31.2
21093,11.0,98.3,32.1
21095,17.1,98.2,42.4
21097,13.8,98.1,38.7
21099,17.3,98.5,37.2
21101,8.9,98.4,38.9
21103,9.3,96.9,35.6
21105,20.4,98.2,22.8
21107,13.2,99.0,35.4
21109,17.5,97.5,27.6
21111,9.4,98.1,37.2
21113,8.0,97.8,38.4
21115,17.6,97.9,41.3
21117,9.4,98.5,33.4
21119,18.5,96.2,50.2
21121,16.2,98.3,38.3
21123,13.6,97.7,37.6
21125,10.8,97.5,39.9
21127,15.1,97.6,42.6
21129,18.2,98.9,66.3
21131,19.8,98.4,39.1
21133,14.1,97.3,50.5
21135,15.8,99.2,40.4
21137,10.7,97.3,37.6
21139,17.5,98.0,36.5
21141,13.0,99.0,41.6
21143,30.7,98.5,38.6
21145,13.2,98.9,38.9
21147,15.6,98.2,63.0
21149,11.0,97.7,34.9
21151,8.8,99.2,41.3
21153,16.3,97.0,56.4
21155,10.8,97.5,34.6
21157,18.3,97.7,37.0
21159,17.6,96.8,41.7
21161,17.4,98.7,29.2
21163,12.6,96.7,30.0
21165,34.3,99.3,21.2
21167,14.5,98.4,33.6
21169,16.5,97.9,35.6
21171,16.5,98.8,37.1
21173,12.2,97.4,28.0
21175,17.2,98.0,38.5
21177,17.0,98.3,37.4
21179,7.5,97.9,35.6
21181,15.4,97.4,35.3
21183,12.5,97.9,32.8
21185,4.9,98.8,27.9
21187,30.8,94.7,33.4
21189,23.7,97.2,43.8
21191,17.9,98.5,27.4
21193,14.5,97.3,38.9
21195,16.0,98.3,43.0
21197,14.1,96.6,28.9
21199,17.9,98.6,47.6
21201,18.5,99.6,32.7
21203,16.0,97.9,37.2
21205,14.4,98.9,41.3
21207,28.1,96.8,30.7
21209,6.4,97.3,27.0
21211,5.1,97.1,36.4
21213,9.7,99.0,32.2
21215,5.3,98.6,21.4
21217,12.1,98.3,45.4
21219,13.7,97.8,31.9
21221,24.3,97.7,35.6
21223,9.2,98.6,35.3
21225,11.4,98.8,30.6
21227,8.6,97.3,37.4
21229,12.3,97.9,32.4
21231,26.6,97.7,40.7
21233,14.4,97.4,37.3
21235,18.1,98.1,35.4
21237,23.1,98.8,65.6
21239,8.5,99.1,36.1
22001,13.1,96.5,44.4
22003,20.6,95.6,33.8
22005,7.9,98.0,30.6
22007,18.2,98.4,56.2
22009,18.1,96.3,36.6
22011,13.7,97.6,35.6
22013,25.1,97.8,40.0
22015,12.9,97.5,41.3
22017,13.8,98.2,48.9
22019,11.8,97.5,41.6
22021,27.8,97.3,39.3
22023,29.5,96.2,43.7
22025,24.6,97.5,44.1
22027,23.7,98.7,54.1
22029,21.9,96.5,52.6
22031,18.5,97.9,34.5
22033,13.0,97.6,44.4
22035,20.0,92.2,47.4
22037,18.1,97.5,31.7
22039,20.0,96.2,41.8
22041,17.0,96.8,56.1
22043,21.0,98.8,37.3
22045,13.1,96.3,38.8
22047,15.6,95.8,44.5
22049,22.7,98.2,44.5
22051,10.5,97.9,44.9
22053,16.6,95.3,43.3
22055,9.9,97.7,42.1
22057,10.3,97.8,39.1
22059,24.4,98.0,34.1
22061,12.8,97.8,59.3
22063,12.0,97.1,32.4
22065,18.3,95.4,43.2
22067,19.8,97.3,49.7
22069,23.2,98.6,55.9
22071,19.2,98.3,52.5
22073,15.3,97.6,46.0
22075,13.2,97.0,32.2
22077,22.8,95.6,33.4
22079,16.5,97.7,45.5
22081,19.1,97.8,35.8
22083,15.9,97.5,38.0
22085,37.9,97.8,40.9
22087,12.6,97.9,50.6
22089,7.5,98.1,43.1
22091,23.9,98.3,34.8
22093,10.5,96.9,37.0
22095,12.9,97.6,43.3
22097,16.4,96.8,52.4
22099,15.2,95.6,33.3
22101,14.4,97.0,34.4
22103,9.1,98.4,41.4
22105,11.4,98.0,49.0
22107,43.2,96.9,61.8
22109,10.7,97.0,38.2
22111,31.3,97.3,45.6
22113,17.1,95.9,35.8
22115,18.6,98.7,36.3
22117,18.3,96.4,46.1
22119,19.0,97.6,49.9
22121,9.3,97.6,44.1
22123,18.7,99.2,40.6
22125,26.4,98.1,25.4
22127,26.1,98.9,50.8
23001,8.8,98.1,36.2
23003,25.0,98.8,36.3
23005,16.5,98.8,39.4
23007,47.5,98.9,30.3
23009,42.1,98.0,36.7
23011,18.0,98.2,36.1
23013,29.7,98.8,36.2
23015,36.1,98.9,42.3
23017,43.4,98.4,40.7
23019,17.8,98.6,44.4
23021,51.5,98.5,41.7
23023,15.2,99.3,41.2
23025,30.5,97.9,53.5
23027,23.5,97.9,34.7
23029,39.7,99.1,30.4
23031,23.3,98.8,37.6
24001,16.0,99.0,40.8
24003,6.9,98.4,36.8
24005,7.0,98.3,40.6
24009,9.6,99.1,40.8
24011,11.6,98.4,46.3
24013,4.4,99.1,40.4
24015,12.7,98.0,40.9
24017,6.6,98.9,42.8
24019,22.7,99.2,46.3
24021,4.9,98.9,40.5
24023,38.2,99.0,34.2
24025,6.0,98.9,41.7
24027,4.4,98.1,36.3
24029,28.7,99.6,48.2
24031,4.5,96.8,41.6
24033,7.2,96.1,41.1
24035,13.8,98.6,41.7
24037,10.4,98.8,38.3
24039,26.2,98.9,56.5
24041,18.1,99.6,50.7
24043,8.6,98.3,36.2
24045,11.2,97.0,45.0
24047,62.2,98.7,42.5
24510,18.7,97.9,44.2
25001,41.6,98.9,44.4
25003,20.1,99.4,38.4
25005,7.6,98.6,38.3
25007,65.3,98.7,39.5
25009,6.3,97.8,42.8
25011,10.2,98.9,43.0
25013,7.4,97.6,44.8
25015,7.3,98.9,45.5
25017,5.2,98.1,36.4
25019,68.7,95.9,39.3
25021,4.9,98.7,38.1
25023,10.0,98.8,43.1
25025,7.6,96.5,41.5
25027,8.0,98.0,38.8
26001,55.2,98.9,41.2
26003,51.2,98.5,45.6
26005,15.6,97.8,31.9
26007,20.2,99.1,37.7
26009,45.9,98.4,39.4
26011,32.2,98.7,38.5
26013,43.0,97.5,39.4
26015,13.9,98.2,36.1
26017,8.7,99.1,40.1
26019,44.3,98.7,38.3
26021,18.4,98.3,40.2
26023,21.0,98.1,32.5
26025,12.1,98.6,42.8
26027,20.9,97.8,36.5
26029,36.2,99.1,27.5
26031,38.5,99.0,36.7
26033,34.5,99.0,36.1
26035,45.3,97.5,49.0
26037,6.8,99.2,35.6
26039,46.1,98.4,46.2
26041,21.8,98.8,40.1
26043,19.9,98.9,33.2
26045,6.4,98.3,33.8
26047,32.5,98.4,39.5
26049,13.1,98.6,46.5
26051,38.3,97.9,38.8
26053,38.3,99.2,40.5
26055,15.1,98.3,33.7
26057,9.6,99.1,45.8
26059,18.0,98.1,37.4
26061,29.7,97.9,50.8
26063,34.7,98.7,40.5
26065,8.8,98.3,44.0
26067,8.9,97.9,34.9
26069,44.1,98.2,36.3
26071,42.9,99.2,30.1
26073,13.9,98.1,54.2
26075,11.5,98.7,42.4
26077,8.0,98.7,39.6
26079,42.7,97.8,31.5
26081,5.7,98.0,39.7
26083,59.2,97.3,36.6
26085,69.9,98.4,50.6
26087,9.0,98.3,41.4
26089,41.4,99.0,36.6
26091,12.8,98.8,39.4
26093,6.0,99.0,37.9
26095,48.5,98.6,34.3
26097,53.8,98.1,30.5
26099,5.9,98.3,40.6
26101,37.8,99.1,45.3
26103,24.6,98.9,39.5
26105,30.0,98.9,36.9
26107,26.7,97.8,46.5
26109,25.8,98.9,33.8
26111,7.2,99.0,40.6
26113,35.2,96.8,43.0
26115,7.8,98.7,38.9
26117,17.1,98.3,42.9
26119,57.6,98.9,40.9
26121,11.6,98.1,46.1
26123,25.6,97.7,41.5
26125,6.7,98.9,35.9
26127,36.7,95.6,33.6
26129,42.1,97.6,46.5
26131,48.1,98.6,38.6
26133,34.3,97.8,42.8
26135,59.3,97.3,36.5
26137,33.5,97.6,37.7
26139,6.2,98.1,38.9
26141,43.3,98.7,40.5
26143,54.6,98.8,50.1
26145,10.0,98.5,44.0
26147,10.5,98.9,39.6
26149,14.5,97.4,35.9
26151,25.6,98.6,37.1
26153,48.5,99.1,52.6
26155,8.7,98.9,37.3
26157,11.6,98.4,40.6
26159,21.3,97.3,36.6
26161,7.2,98.6,42.7
26163,17.5,97.8,48.1
26165,22.3,97.8,37.4
27001,53.2,97.7,43.0
27003,3.2,98.1,38.0
27005,30.5,98.6,38.9
27007,19.4,97.8,42.3
27009,4.4,97.6,39.6
27011,27.8,99.6,33.8
27013,7.8,99.0,41.7
27015,8.4,98.7,31.7
27017,15.8,97.9,37.7
27019,4.4,98.7,31.2
27021,49.0,97.3,32.3
27023,11.8,99.0,27.1
27025,8.1,99.0,34.7
27027,8.3,98.2,46.0
27029,28.3,96.9,43.5
27031,54.8,95.2,25.1
27033,10.9,97.2,28.8
27035,36.4,99.1,38.8
27037,3.1,98.6,35.9
27039,5.8,98.7,23.8
27041,22.1,99.3,40.5
27043,11.6,99.4,35.0
27045,13.3,98.2,33.2
27047,9.3,98.2,31.2
27049,5.4,98.1,35.2
27051,23.3,99.5,34.7
27053,5.0,97.4,37.7
27055,6.7,99.2,28.3
27057,40.7,97.7,35.8
27059,6.9,98.3,34.3
27061,29.6,97.6,38.5
27063,13.9,98.9,30.8
27065,19.4,98.2,31.5
27067,15.1,97.9,37.4
27069,27.7,99.1,27.6
27071,28.8,99.1,45.5
27073,13.9,98.9,34.1
27075,33.3,97.9,35.0
27077,59.1,97.9,32.3
27079,13.8,98.5,33.2
27081,20.8,99.4,33.0
27083,10.3,97.7,32.9
27085,6.6,98.9,35.0
27087,29.9,97.0,36.8
27089,17.8,99.2,34.5
27091,13.1,99.0,28.1
27093,15.1,97.8,36.9
27095,21.3,97.8,34.9
27097,17.0,98.4,35.4
27099,9.0,98.1,42.1
27101,19.8,99.5,35.3
27103,5.0,99.3,33.7
27105,8.1,95.7,35.7
27107,20.2,97.3,33.7
27109,5.2,97.6,37.0
27111,32.4,98.3,36.8
27113,8.7,98.8,24.5
27115,38.3,98.5,39.8
27117,10.5,97.8,31.2
27119,15.0,98.9,39.9
27121,25.5,99.0,32.1
27123,4.8,95.9,40.6
27125,11.6,99.1,29.6
27127,13.8,99.2,31.0
27129,15.4,98.9,33.7
27131,7.6,98.2,41.3
27133,6.7,98.1,29.9
27135,18.8,97.5,28.9
27137,17.7,98.4,40.1
27139,4.1,98.1,37.4
27141,6.2,98.4,41.5
27143,8.7,98.5,27.7
27145,7.8,97.1,34.0
27147,6.8,97.7,42.4
27149,13.7,98.8,56.8
27151,13.0,98.7,30.6
27153,25.4,96.8,22.2
27155,24.4,99.0,36.1
27157,12.5,99.2,30.1
27159,19.1,98.0,39.2
27161,7.2,98.3,31.4
27163,4.6,98.7,37.7
27165,14.1,98.6,25.2
27167,7.8,98.8,38.8
27169,8.9,98.9,40.8
27171,8.2,98.2,32.6
27173,12.9,98.9,34.5
28001,21.5,97.2,49.6
28003,14.6,98.7,25.4
28005,25.6,98.7,30.8
28007,21.9,96.7,46.9
28009,30.0,98.4,35.7
28011,14.4,97.4,45.1
28013,15.9,96.8,39.5
28015,30.0,96.6,47.9
28017,14.9,97.2,44.8
28019,23.6,97.7,39.6
28021,25.4,93.6,49.3
28023,20.1,98.8,31.0
28025,17.0,98.6,55.3
28027,16.4,98.0,40.9
28029,19.9,96.1,45.1
28031,19.8,97.8,39.5
28033,6.1,97.6,34.1
28035,14.5,97.6,46.6
28037,26.5,98.6,30.7
28039,23.7,98.5,27.1
28041,19.7,96.3,32.9
28043,22.9,97.5,29.2
28045,21.2,98.1,33.8
28047,14.8,96.7,41.9
28049,14.4,96.8,46.3
28051,26.2,95.8,46.2
28053,18.7,95.6,40.0
28055,19.4,96.1,39.6
28057,14.1,97.8,30.7
28059,17.3,98.8,39.2
28061,18.1,97.0,37.6
28063,34.2,96.6,66.5
28065,19.2,98.5,51.4
28067,14.6,97.0,40.8
28069,22.9,96.6,31.7
28071,19.9,97.3,57.0
28073,10.0,97.4,39.0
28075,15.0,97.0,36.1
28077,21.0,97.2,42.1
28079,13.3,96.0,38.3
28081,11.1,96.5,40.6
28083,20.3,96.8,52.2
28085,17.0,97.6,45.2
28087,16.7,98.2,41.5
28089,8.4,97.8,37.2
28091,19.0,95.6,55.9
28093,14.6,98.3,41.1
28095,15.1,98.5,38.9
28097,18.0,97.5,41.1
28099,13.5,94.0,40.4
28101,15.4,95.7,41.9
28103,23.0,95.3,46.7
28105,19.8,98.2,53.8
28107,16.6,95.8,40.0
28109,17.0,96.7,37.9
28111,20.1,95.9,37.9
28113,17.5,97.7,43.9
28115,14.6,96.6,34.8
28117,14.4,98.3,37.3
28119,14.7,95.3,40.9
28121,6.8,97.9,31.0
28123,13.1,94.6,43.7
28125,16.3,95.7,46.8
28127,22.7,96.0,49.2
28129,20.3,98.6,37.1
28131,18.7,95.3,15.2
28133,12.3,96.2,43.6
28135,23.1,97.7,17.1
28137,11.5,95.7,40.5
28139,16.2,97.4,22.8
28141,26.6,97.8,35.0
28143,18.4,90.1,39.2
28145,16.2,96.4,33.4
28147,18.2,96.0,28.9
28149,15.6,97.2,43.3
28151,15.6,97.3,49.0
28153,17.0,97.7,32.4
28155,20.5,97.5,49.4
28157,43.6,99.2,41.6
28159,15.9,96.2,39.9
28161,19.5,98.1,38.0
28163,14.7,95.8,46.9
29001,16.3,99.4,52.6
29003,6.3,98.8,29.4
29005,16.0,99.8,25.6
29007,13.0,98.7,31.2
29009,25.5,96.8,39.6
29011,11.8,97.0,33.9
29013,14.6,97.4,31.2
29015,43.7,98.0,45.7
29017,18.4,97.5,33.3
29019,7.9,98.6,45.5
29021,13.9,97.8,35.5
29023,16.5,98.6,38.3
29025,19.5,96.8,38.2
29027,14.4,98.7,35.7
29029,60.7,98.5,36.9
29031,11.2,98.3,37.8
29033,22.2,98.6,31.2
29035,26.3,96.1,35.7
29037,5.6,98.2,33.9
29039,18.7,99.4,48.7
29041,31.5,98.3,35.5
29043,7.5,98.1,34.7
29045,16.8,98.6,20.0
29047,6.6,98.9,31.9
29049,8.5,99.0,33.5
29051,10.3,98.9,29.1
29053,14.5,98.9,32.9
29055,22.8,97.1,40.4
29057,21.5,97.9,39.4
29059,19.8,97.7,31.1
29061,26.5,96.7,31.8
29063,10.8,98.5,30.1
29065,16.8,97.9,28.4
29067,20.6,97.3,37.1
29069,11.5,97.7,40.3
29071,8.7,98.3,34.4
29073,25.2,98.5,36.2
29075,17.1,98.3,21.4
29077,8.3,98.4,41.1
29079,19.9,96.1,34.2
29081,19.7,96.8,32.3
29083,15.2,98.0,35.3
29085,41.8,99.4,42.2
29087,24.4,98.7,24.3
29089,18.9,98.4,33.6
29091,11.3,97.9,34.4
29093,23.6,97.4,34.3
29095,11.9,98.4,39.4
29097,11.5,97.9,37.3
29099,6.9,98.4,34.3
29101,9.7,97.8,40.7
29103,29.8,99.1,26.5
29105,13.2,97.0,44.2
29107,10.7,98.1,31.9
29109,12.3,97.0,29.0
29111,17.3,98.1,22.3
29113,12.9,98.0,39.1
29115,21.9,99.1,32.3
29117,14.3,98.4,28.4
29119,18.2,93.5,28.5
29121,21.5,98.7,27.7
29123,18.7,98.2,36.3
29125,20.8,97.6,33.5
29127,12.7,98.3,31.5
29129,35.0,96.0,19.1
29131,26.2,98.5,34.0
29133,10.3,95.5,44.8
29135,13.0,98.5,28.5
29137,25.6,99.1,31.4
29139,22.1,97.8,32.6
29141,50.1,98.7,35.7
29143,15.0,97.5,41.4
29145,10.0,97.9,30.8
29147,12.3,98.7,36.2
29149,20.3,98.8,54.1
29151,22.6,98.9,23.6
29153,28.2,97.1,52.3
29155,15.9,97.5,39.8
29157,13.4,98.6,31.7
29159,12.5,97.6,36.1
29161,13.6,98.3,40.3
29163,14.7,98.9,24.6
29165,6.4,98.7,30.2
29167,13.3,97.6,39.8
29169,18.7,98.3,28.3
29171,34.6,98.9,28.2
29173,23.0,98.2,31.7
29175,22.3,98.6,44.1
29177,13.3,98.2,33.7
29179,34.9,98.6,32.1
29181,18.4,98.1,40.2
29183,5.0,99.2,31.8
29185,26.9,98.5,24.0
29186,17.7,98.3,35.6
29187,16.9,97.6,36.4
29189,8.4,99.0,38.2
29195,13.8,97.4,35.0
29197,20.6,99.1,29.0
29199,21.0,96.2,26.9
29201,11.2,96.3,33.7
29203,24.2,96.1,31.2
29205,23.7,97.8,18.7
29207,14.0,98.7,31.1
29209,38.3,98.4,37.6
29211,31.7,96.8,29.8
29213,27.5,97.6,37.7
29215,20.6,97.8,48.2
29217,14.2,98.1,37.9
29219,20.7,95.9,39.5
29221,18.0,97.6,36.2
29223,32.2,97.8,37.1
29225,9.1,95.8,30.4
29227,30.4,98.9,28.4
29229,14.1,96.3,36.6
29510,20.7,98.2,43.4
30001,25.2,98.5,43.3
30003,21.7,84.8,23.5
30005,18.8,93.9,26.6
30007,12.3,99.0,26.4
30009,30.2,98.8,32.7
30011,30.3,99.3,26.2
30013,10.3,98.1,36.2
30015,21.2,97.2,17.6
30017,14.2,98.7,31.9
30019,23.0,99.9,34.5
30021,6.7,95.0,26.8
30023,23.1,98.6,33.1
30025,18.9,99.5,16.3
30027,16.1,97.8,30.9
30029,21.1,97.7,38.3
30031,12.6,98.5,41.8
30033,46.7,97.6,21.4
30035,22.3,95.4,35.7
30037,28.6,99.4,44.6
30039,53.8,100.0,26.1
30041,15.1,97.7,38.6
30043,11.6,98.6,24.2
30045,30.2,99.7,19.5
30047,29.8,96.7,28.6
30049,11.9,98.7,31.8
30051,22.6,98.0,31.1
30053,29.2,99.1,39.1
30055,31.3,96.7,3.3
30057,50.2,98.5,32.8
30059,44.1,100.0,28.6
30061,32.3,97.9,27.0
30063,8.7,98.2,44.1
30065,24.5,95.8,48.0
30067,20.7,98.8,33.1
30069,32.9,100.0,38.9
30071,23.9,97.8,25.8
30073,17.2,97.2,37.8
30075,27.1,100.0,27.7
30077,24.3,96.9,22.5
30079,19.1,100.0,40.5
30081,14.4,98.4,40.4
30083,12.3,96.7,27.1
30085,22.3,94.8,11.5
30087,23.3,96.1,25.6
30089,26.1,98.5,44.3
30091,22.7,98.6,35.6
30093,10.7,98.2,44.6
30095,22.2,97.3,17.6
30097,29.2,99.0,28.6
30099,17.3,97.1,24.8
30101,21.2,99.9,30.8
30103,20.0,99.5,24.6
30105,29.5,99.3,20.9
30107,33.9,95.5,27.6
30109,12.8,99.0,18.9
30111,6.6,97.5,36.8
31001,8.2,98.9,38.2
31003,17.2,98.8,31.2
31005,32.2,100.0,37.1
31007,25.9,100.0,38.3
31009,31.8,97.4,6.3
31011,14.5,98.5,24.0
31013,15.6,99.1,33.9
31015,35.0,99.8,27.5
31017,21.4,98.2,22.1
31019,5.7,98.5,36.1
31021,17.3,98.1,21.2
31023,16.5,97.5,29.4
31025,13.1,98.8,26.5
31027,15.2,99.1,20.9
31029,13.8,99.5,35.3
31031,16.5,99.2,31.0
31033,11.7,98.7,27.3
31035,13.5,98.6,22.3
31037,11.8,93.0,9.6
31039,10.6,99.1,23.8
31041,14.8,98.4,25.7
31043,4.9,92.9,29.4
31045,16.1,96.9,37.7
31047,12.8,95.3,26.0
31049,19.7,100.0,15.9
31051,14.9,97.6,21.4
31053,9.6,98.1,27.5
31055,7.0,97.8,37.9
31057,23.6,100.0,29.9
31059,16.5,99.5,15.9
31061,20.8,99.0,30.6
31063,28.9,99.9,25.6
31065,20.3,98.8,27.7
31067,11.2,99.4,24.5
31069,30.8,99.0,28.9
31071,26.0,99.3,25.2
31073,31.2,100.0,5.4
31075,29.0,100.0,11.1
31077,22.5,98.7,26.7
31079,6.8,95.5,30.3
31081,8.5,99.6,21.6
31083,33.7,99.8,26.8
31085,19.9,100.0,23.0
31087,26.9,99.1,40.5
31089,12.7,99.1,22.9
31091,27.4,99.1,31.8
31093,12.8,99.4,33.7
31095,15.5,99.8,19.3
31097,13.5,98.8,32.2
31099,7.0,98.4,28.1
31101,26.7,99.1,23.2
31103,36.1,98.8,21.4
31105,20.6,99.4,29.9
31107,25.4,97.3,25.3
31109,5.0,97.8,40.2
31111,10.3,97.7,25.8
31113,14.1,97.5,17.0
31115,41.7,100.0,17.6
31117,21.3,96.4,4.4
31119,6.3,97.2,30.5
31121,14.0,99.2,26.2
31123,17.5,98.6,24.2
31125,16.4,100.0,20.5
31127,19.9,99.2,30.8
31129,19.1,98.8,30.9
31131,9.8,99.1,25.1
31133,23.2,97.7,30.4
31135,13.8,99.8,33.3
31137,8.7,99.8,30.5
31139,8.3,99.6,28.8
31141,5.7,97.5,23.3
31143,25.0,98.1,21.8
31145,13.4,99.3,28.1
31147,13.7,99.4,22.4
31149,27.1,99.7,12.2
31151,12.8,96.2,35.6
31153,4.6,97.7,29.5
31155,14.4,99.0,26.9
31157,12.0,98.4,35.5
31159,8.0,99.4,26.7
31161,20.9,97.0,22.4
31163,29.2,99.0,6.1
31165,28.0,100.0,15.9
31167,11.9,98.5,32.7
31169,13.9,99.5,15.5
31171,27.1,100.0,20.0
31173,12.0,88.2,35.3
31175,16.1,99.2,27.2
31177,4.4,99.2,28.6
31179,6.9,97.2,35.8
31181,21.5,99.4,22.2
31183,32.3,98.1,17.2
31185,10.8,99.3,37.7
32001,10.4,96.7,38.4
32003,14.6,95.7,41.0
32005,15.3,97.8,38.5
32007,15.2,96.6,25.8
32009,50.2,97.0,21.5
32011,34.4,98.8,10.2
32013,16.0,96.5,28.8
32015,18.8,96.7,21.8
32017,27.5,99.7,25.9
32019,12.4,97.4,33.5
32021,32.9,91.7,15.9
32023,19.1,96.6,35.8
32027,18.3,94.1,32.7
32029,15.4,100.0,12.8
32031,9.2,95.6,38.3
32033,25.9,97.5,26.2
32510,6.6,95.7,34.6
33001,35.6,98.8,39.0
33003,47.9,98.5,38.5
33005,13.5,98.8,39.8
33007,35.4,99.0,37.4
33009,33.4,98.4,36.9
33011,6.6,98.1,37.4
33013,11.2,98.7,38.0
33015,7.9,98.8,35.8
33017,8.6,98.5,39.1
33019,21.2,99.2,33.8
34001,21.2,96.8,50.0
34003,5.0,97.7,41.1
34005,7.7,98.5,40.9
34007,9.2,98.0,44.0
34009,59.7,98.7,51.8
34011,10.2,96.3,53.4
34013,11.1,95.9,45.9
34015,6.8,98.9,47.0
34017,9.1,92.8,38.5
34019,6.3,99.4,43.5
34021,10.3,97.9,43.9
34023,5.3,95.8,40.3
34025,10.8,98.4,47.6
34027,6.0,98.6,34.5
34029,20.6,97.6,52.3
34031,8.1,92.6,51.3
34033,12.9,98.7,49.0
34035,7.8,98.7,37.9
34037,13.9,99.4,43.2
34039,6.7,95.5,45.5
34041,8.8,98.6,37.2
35001,9.5,97.1,44.3
35003,64.2,99.5,38.7
35005,13.8,96.3,35.9
35006,19.8,90.7,35.9
35007,45.2,97.3,44.9
35009,12.3,96.8,37.7
35011,41.7,99.1,17.1
35013,11.0,96.0,45.1
35015,11.4,95.5,28.6
35017,20.6,97.4,36.8
35019,49.8,98.3,23.0
35021,64.0,100.0,21.4
35023,27.8,98.3,27.6
35025,15.1,94.4,27.4
35027,56.0,97.3,35.0
35028,10.1,99.1,19.3
35029,19.0,97.3,40.7
35031,24.5,88.0,35.0
35033,45.3,93.7,69.3
35035,25.0,97.9,37.3
35037,45.5,99.7,30.1
35039,35.7,97.8,50.2
35041,15.5,96.5,54.3
35043,10.7,96.4,43.9
35045,17.2,93.9,34.0
35047,30.4,98.5,50.7
35049,15.3,97.7,38.3
35051,36.4,99.2,40.5
35053,42.6,98.1,39.5
35055,39.2,97.7,49.5
35057,29.9,96.5,49.1
35059,39.2,99.9,13.1
35061,12.7,97.4,44.9
36001,10.5,99.1,39.6
36003,31.2,98.1,41.7
36005,5.6,87.6,50.8
36007,13.1,98.6,46.3
36009,23.4,97.9,39.9
36011,14.8,98.9,35.8
36013,21.4,98.6,44.7
36015,10.6,99.2,43.9
36017,19.4,97.6,39.1
36019,12.9,98.4,38.5
36021,23.4,98.7,37.7
36023,13.5,98.8,35.1
36025,39.4,96.7,44.9
36027,10.6,96.5,46.3
36029,9.2,98.8,41.7
36031,41.6,98.4,38.2
36033,25.9,98.2,38.9
36035,22.3,98.9,43.5
36037,6.8,99.3,36.8
36039,42.3,98.8,53.0
36041,87.7,98.6,37.8
36043,25.3,98.5,32.7
36045,27.4,98.0,36.1
36047,8.1,89.6,45.8
36049,34.0,98.5,43.0
36051,10.9,98.3,50.3
36053,18.1,98.9,31.9
36055,7.8,98.9,45.7
36057,16.1,98.0,43.9
36059,5.7,97.5,47.1
36061,13.1,94.3,36.9
36063,12.1,99.0,40.2
36065,13.8,98.3,40.7
36067,10.1,98.5,40.5
36069,11.6,98.8,40.1
36071,10.6,96.2,49.5
36073,12.5,97.9,44.7
36075,15.5,97.5,44.6
36077,24.0,97.7,46.1
36079,11.0,98.6,42.8
36081,8.5,90.6,46.8
36083,11.3,98.6,37.5
36085,7.3,95.9,47.0
36087,5.3,93.7,53.2
36089,21.3,98.3,42.7
36091,10.3,99.2,31.9
36093,22.1,98.8,43.9
36095,28.2,99.0,40.2
36097,23.2,97.9,37.8
36099,16.9,99.1,39.1
36101,18.3,98.5,34.7
36103,14.8,97.5,51.5
36105,44.9,97.9,42.0
36107,10.8,98.7,39.4
36109,8.8,98.6,49.6
36111,17.7,98.2,50.2
36113,31.1,98.8,43.2
36115,18.3,98.5,42.8
36117,12.0,98.5,40.1
36119,7.3,95.8,46.1
36121,13.3,99.1,31.0
36123,32.2,98.1,43.0
37001,8.7,97.6,41.4
37003,16.1,96.9,38.9
37005,41.8,98.9,39.4
37007,16.7,96.1,39.9
37009,31.8,99.1,39.3
37011,52.3,97.6,50.1
37013,26.4,99.2,45.3
37015,18.9,97.7,44.8
37017,19.3,97.8,43.9
37019,37.3,98.5,47.5
37021,11.7,96.6,39.8
37023,15.7,96.9,39.9
37025,8.1,96.1,32.2
37027,15.2,97.8,36.0
37029,9.6,98.5,45.1
37031,39.5,98.6,35.1
37033,14.8,98.1,53.2
37035,12.0,97.1,35.4
37037,8.7,98.1,34.7
37039,37.6,97.9,36.4
37041,19.1,97.4,47.1
37043,30.8,99.1,37.5
37045,13.1,97.8,43.3
37047,14.3,97.2,46.5
37049,12.7,97.9,37.7
37051,14.2,98.4,41.9
37053,36.3,97.8,47.0
37055,55.5,97.9,37.3
37057,12.3,97.3,38.9
37059,14.0,98.0,33.1
37061,16.1,94.9,37.1
37063,7.5,97.4,39.1
37065,13.9,96.8,41.3
37067,10.4,97.8,41.0
37069,12.1,97.9,37.3
37071,11.3,97.3,40.0
37073,16.3,97.9,37.8
37075,45.0,99.5,20.3
37077,11.9,98.4,38.5
37079,11.4,96.9,44.4
37081,10.7,97.8,41.1
37083,18.1,98.6,47.9
37085,11.6,97.5,38.7
37087,25.5,98.2,44.3
37089,15.2,97.7,39.9
37091,16.6,97.6,44.5
37093,14.9,97.5,42.6
37095,44.6,95.7,41.9
37097,11.5,97.5,34.4
37099,39.6,97.9,42.2
37101,9.3,98.0,42.3
37103,16.2,97.9,50.2
37105,11.1,97.2,36.8
37107,15.5,97.5,38.9
37109,9.8,97.9,32.1
37111,15.2,97.1,30.6
37113,39.2,97.9,36.8
37115,23.1,98.6,41.5
37117,17.1,99.0,44.3
37119,7.4,97.7,37.7
37121,27.4,99.2,35.8
37123,33.0,96.7,41.6
37125,17.2,98.2,35.6
37127,13.8,97.3,41.2
37129,14.6,98.3,44.5
37131,24.3,98.8,47.2
37133,18.5,98.3,36.5
37135,8.4,97.9,40.0
37137,29.8,97.5,38.5
37139,14.1,97.9,45.2
37141,25.1,97.9,41.3
37143,17.5,97.8,63.7
37145,14.1,96.7,46.5
37147,11.6,97.9,48.6
37149,23.2,98.7,32.3
37151,10.1,97.6,34.1
37153,13.5,98.1,49.9
37155,12.9,96.4,40.4
37157,15.3,97.8,39.2
37159,15.1,97.5,36.7
37161,22.5,97.5,38.6
37163,14.8,96.7,47.6
37165,13.1,96.4,52.5
37167,13.2,96.8,38.8
37169,12.8,98.7,42.9
37171,13.8,97.5,35.1
37173,38.7,97.2,29.6
37175,27.5,98.4,43.4
37177,28.5,97.8,19.7
37179,5.7,97.7,36.0
37181,15.4,96.9,41.4
37183,7.2,97.5,35.0
37185,31.5,99.1,40.3
37187,19.3,97.9,57.8
37189,38.9,98.6,57.9
37191,11.7,97.6,41.7
37193,16.9,98.0,43.3
37195,10.6,97.2,41.7
37197,10.9,96.9,36.5
37199,32.9,98.5,45.2
38001,24.6,99.5,33.8
38003,12.2,99.7,19.3
38005,24.4,90.9,25.2
38007,25.0,99.8,27.0
38009,30.0,99.3,33.5
38011,17.7,97.8,17.4
38013,32.0,98.3,17.4
38015,5.4,97.9,33.4
38017,6.2,98.4,34.2
38019,23.7,99.2,31.6
38021,17.9,98.1,16.5
38023,31.2,100.0,30.1
38025,36.5,97.2,15.6
38027,20.4,99.6,39.6
38029,28.1,99.5,23.8
38031,17.8,98.7,14.2
38033,17.2,98.7,36.0
38035,7.2,98.0,42.3
38037,35.7,98.3,29.2
38039,27.7,100.0,17.9
38041,25.7,99.4,49.2
38043,37.1,97.3,15.4
38045,19.2,99.6,29.2
38047,25.8,98.7,23.5
38049,15.6,99.7,14.2
38051,28.2,99.5,32.7
38053,31.4,93.4,15.7
38055,28.9,98.3,22.9
38057,22.6,97.8,23.6
38059,7.5,98.8,32.1
38061,34.5,96.1,14.8
38063,20.8,97.7,18.4
38065,21.5,99.1,10.6
38067,16.6,99.3,19.9
38069,13.7,99.6,35.8
38071,15.6,97.4,21.1
38073,13.5,99.7,20.2
38075,22.3,98.6,26.6
38077,11.5,99.1,29.7
38079,14.8,94.1,29.5
38081,13.4,98.3,11.7
38083,20.0,99.4,44.4
38085,16.9,86.2,22.6
38087,31.0,100.0,7.1
38089,15.1,96.6,29.8
38091,26.0,99.1,6.9
38093,9.6,99.5,29.9
38095,25.1,97.0,29.4
38097,12.6,99.5,27.2
38099,13.6,98.8,24.2
38101,14.9,97.7,32.0
38103,21.6,99.7,36.6
38105,27.5,95.7,24.8
39001,16.2,98.2,51.6
39003,10.4,98.8,40.6
39005,7.8,98.0,26.5
39007,16.8,98.0,43.1
39009,15.4,97.7,49.6
39011,7.4,98.6,31.6
39013,16.7,99.5,33.6
39015,13.0,98.6,34.6
39017,9.4,98.6,38.2
39019,19.8,97.6,29.7
39021,8.9,98.5,31.7
39023,10.6,98.7,37.4
39025,7.6,99.0,34.7
39027,10.2,98.0,35.7
39029,11.2,98.0,36.3
39031,12.7,97.9,34.5
39033,11.2,99.2,30.3
39035,13.2,98.9,41.9
39037,8.8,98.9,33.0
39039,8.7,99.0,32.6
39041,4.3,99.3,28.7
39043,16.5,99.6,33.9
39045,7.7,98.4,39.6
39047,7.7,98.8,33.8
39049,9.1,97.8,37.2
39051,6.2,98.3,36.4
39053,17.1,98.1,36.4
39055,4.9,97.9,30.2
39057,7.0,99.1,35.3
39059,16.7,98.3,46.0
39061,10.5,98.4,39.6
39063,5.4,99.2,31.7
39065,13.3,98.2,31.0
39067,23.6,98.7,29.0
39069,7.9,99.3,26.1
39071,13.5,98.3,40.6
39073,15.9,98.1,28.9
39075,8.2,95.6,31.4
39077,9.4,98.8,32.7
39079,12.1,98.2,33.5
39081,15.4,99.3,36.0
39083,9.4,98.8,35.9
39085,7.0,99.2,34.3
39087,13.7,98.7,40.2
39089,8.5,98.5,38.0
39091,20.2,98.0,33.9
39093,8.6,99.0,41.8
39095,11.8,98.9,40.0
39097,7.0,98.5,27.0
39099,12.1,99.3,40.5
39101,11.5,98.3,41.6
39103,5.8,98.9,30.7
39105,16.8,98.1,44.5
39107,9.6,98.9,29.8
39109,7.7,99.2,32.0
39111,20.3,99.1,43.9
39113,12.3,98.8,39.9
39115,22.8,98.7,33.5
39117,10.2,97.9,36.6
39119,9.5,98.4,41.5
39121,18.2,99.5,35.2
39123,38.2,99.6,34.9
39125,13.3,97.3,25.3
39127,11.0,98.7,41.0
39129,8.7,98.4,31.5
39131,13.5,98.1,43.3
39133,9.3,99.3,44.7
39135,9.9,98.6,36.8
39137,5.0,99.5,29.0
39139,11.6,98.8,34.8
39141,11.0,98.1,41.2
39143,9.9,99.4,33.5
39145,12.0,98.3,43.1
39147,10.8,99.4,33.7
39149,8.5,98.1,27.3
39151,8.5,99.1,35.4
39153,9.2,99.2,39.7
39155,9.5,98.8,39.3
39157,9.0,98.6,36.0
39159,6.8,98.9,28.8
39161,9.6,99.2,34.5
39163,19.3,98.0,44.1
39165,4.9,99.4,28.9
39167,10.2,98.7,36.6
39169,6.5,97.6,32.1
39171,8.2,98.8,35.5
39173,6.7,99.3,39.2
39175,7.8,98.8,23.0
40001,16.2,94.1,31.1
40003,27.7,98.9,21.1
40005,17.3,98.2,37.0
40007,21.3,98.8,24.8
40009,24.0,97.2,29.9
40011,23.4,97.5,34.8
40013,16.0,96.3,40.4
40015,22.4,96.5,24.4
40017,7.9,97.7,31.2
40019,15.3,96.8,32.2
40021,25.6,96.6,39.7
40023,21.3,96.9,47.1
40025,37.3,96.4,10.8
40027,8.4,97.5,36.6
40029,20.3,97.2,32.7
40031,16.9,97.7,34.7
40033,24.6,96.6,32.5
40035,19.7,98.4,40.7
40037,13.2,96.4,35.6
40039,16.2,96.6,32.1
40041,34.5,97.2,35.9
40043,29.2,98.6,25.2
40045,28.6,99.0,33.1
40047,11.1,97.0,29.6
40049,18.5,97.5,28.1
40051,13.0,97.8,30.7
40053,23.9,99.3,22.3
40055,21.1,100.0,28.7
40057,22.7,97.0,30.2
40059,28.9,97.0,19.7
40061,20.7,96.0,39.0
40063,31.8,98.1,27.4
40065,18.0,97.6,34.1
40067,29.5,98.0,28.4
40069,17.6,98.1,30.1
40071,16.9,97.3,29.4
40073,12.4,98.1,25.8
40075,25.7,99.0,38.3
40077,19.6,96.6,32.2
40079,16.2,97.4,35.6
40081,15.9,97.3,32.1
40083,10.4,96.3,37.0
40085,32.0,98.3,28.0
40087,8.3,98.5,34.1
40089,17.1,95.3,34.8
40091,38.8,95.0,34.0
40093,17.5,96.7,19.5
40095,38.9,96.6,23.1
40097,19.1,96.2,29.3
40099,22.7,96.2,31.6
40101,15.7,98.0,42.3
40103,13.7,98.8,33.7
40105,16.2,98.2,35.1
40107,25.0,95.8,32.7
40109,10.8,97.2,38.2
40111,16.9,97.9,35.7
40113,15.4,97.0,34.8
40115,14.7,95.8,35.9
40117,20.4,96.5,31.0
40119,14.6,96.7,54.4
40121,22.7,98.0,33.5
40123,13.5,97.6,32.3
40125,13.0,97.5,34.9
40127,26.1,96.9,28.5
40129,29.3,99.3,27.0
40131,8.0,97.4,35.2
40133,21.0,96.5,35.7
40135,19.1,95.2,40.0
40137,16.6,98.2,34.5
40139,15.1,92.3,24.9
40141,25.0,95.9,30.9
40143,10.3,97.2,37.3
40145,10.0,97.2,32.1
40147,12.5,98.2,33.5
40149,17.7,98.1,20.0
40151,23.0,99.9,31.8
40153,17.8,97.8,35.0
41001,21.6,97.3,35.8
41003,8.0,97.7,53.2
41005,6.0,97.5,39.8
41007,28.0,97.8,41.1
41009,8.5,98.4,39.6
41011,14.2,97.2,43.1
41013,11.7,95.4,40.1
41015,19.2,98.1,46.1
41017,18.1,97.8,42.7
41019,10.1,97.5,41.7
41021,24.8,98.9,24.3
41023,27.3,97.6,26.4
41025,20.4,97.6,34.3
41027,11.9,94.8,37.2
41029,8.0,97.1,48.2
41031,23.3,95.4,36.7
41033,7.7,96.2,50.3
41035,18.4,96.8,44.5
41037,21.8,99.1,39.3
41039,7.3,97.7,48.8
41041,33.7,97.6,41.5
41043,6.9,97.3,43.1
41045,13.1,94.4,44.2
41047,6.6,95.3,40.2
41049,13.6,91.3,25.0
41051,5.8,96.6,45.0
41053,7.2,98.1,42.7
41055,17.4,99.9,41.0
41057,44.4,97.1,45.4
41059,10.6,94.4,32.8
41061,11.9,96.8,35.2
41063,24.8,98.0,40.8
41065,12.6,97.8,37.3
41067,4.8,96.5,39.1
41069,31.2,99.7,28.3
41071,6.1,96.4,46.3
42001,7.2,98.4,37.0
42003,10.1,99.2,38.0
42005,13.8,99.0,29.7
42007,11.1,99.0,33.3
42009,19.0,98.4,40.4
42011,7.5,98.6,41.6
42013,8.8,98.8,39.4
42015,18.5,98.4,32.5
42017,5.2,99.0,41.6
42019,7.4,99.3,36.1
42021,13.2,99.0,36.4
42023,50.4,99.5,42.3
42025,25.1,98.2,40.8
42027,12.4,97.8,48.9
42029,4.7,98.8,40.5
42031,21.7,98.6,40.4
42033,20.2,99.0,36.6
42035,23.6,98.8,33.8
42037,11.4,99.3,38.7
42039,21.7,98.6,35.6
42041,6.2,99.1,34.7
42043,9.5,98.4,37.7
42045,8.4,98.6,42.2
42047,24.1,99.5,28.3
42049,8.7,98.6,40.7
42051,15.0,97.8,37.5
42053,82.1,99.8,23.9
42055,7.4,98.6,31.6
42057,17.5,99.0,36.8
42059,13.1,99.1,25.9
42061,25.2,98.9,27.6
42063,12.4,98.4,45.5
42065,18.5,99.0,32.6
42067,15.9,97.3,29.5
42069,13.2,98.6,38.6
42071,4.9,97.9,40.9
42073,10.7,99.0,42.7
42075,7.3,97.9,35.8
42077,5.4,98.0,44.2
42079,14.4,98.8,37.2
42081,13.5,99.2,41.2
42083,19.0,99.2,39.4
42085,12.1,98.6,33.4
42087,13.0,98.5,30.7
42089,29.1,98.4,41.8
42091,5.5,98.8,39.3
42093,8.7,99.0,30.6
42095,7.0,99.0,42.0
42097,13.4,98.6,35.7
42099,13.4,98.6,29.0
42101,13.0,97.5,47.5
42103,45.0,99.0,52.3
42105,49.6,99.3,42.4
42107,15.7,99.1,35.0
42109,10.7,98.5,30.0
42111,22.1,98.8,34.8
42113,58.4,99.7,25.3
42115,25.3,98.4,38.5
42117,25.8,99.2,33.8
42119,14.9,98.5,34.4
42121,20.4,99.1,34.5
42123,27.4,99.1,29.6
42125,11.8,99.1,32.2
42127,40.3,99.2,43.3
42129,10.6,99.5,34.2
42131,19.8,98.9,37.0
42133,7.1,98.7,39.9
44001,6.9,99.4,41.0
44003,6.9,98.6,37.7
44005,16.2,99.3,37.4
44007,10.3,97.8,40.5
44009,21.8,99.1,42.8
45001,22.5,99.2,52.4
45003,12.7,98.6,42.8
45005,26.7,98.2,56.8
45007,12.2,97.9,39.7
45009,27.4,97.7,66.8
45011,19.9,97.9,46.1
45013,28.6,98.2,40.0
45015,8.6,98.2,38.8
45017,17.2,98.8,46.1
45019,15.0,98.6,44.5
45021,15.6,98.8,39.3
45023,16.0,98.6,45.2
45025,15.0,95.8,38.5
45027,23.2,97.6,37.4
45029,24.2,98.2,36.4
45031,12.3,98.2,42.3
45033,20.3,97.3,45.4
45035,8.5,98.2,42.7
45037,16.0,97.3,47.7
45039,24.8,98.6,56.1
45041,12.8,98.1,35.6
45043,28.3,98.6,43.4
45045,9.2,98.0,37.4
45047,13.7,97.6,44.4
45049,21.9,99.2,23.6
45051,36.9,98.2,43.6
45053,14.1,96.9,47.0
45055,13.4,99.1,33.4
45057,11.0,98.4,40.5
45059,17.7,98.0,41.2
45061,16.2,97.9,57.1
45063,9.7,98.1,37.8
45065,26.5,99.5,31.4
45067,20.1,98.6,45.1
45069,19.3,97.6,38.5
45071,17.9,97.6,37.0
45073,21.1,97.9,46.3
45075,22.6,98.3,45.6
45077,12.3,98.4,43.7
45079,11.8,98.6,43.4
45081,24.6,97.9,37.3
45083,10.4,97.5,39.5
45085,12.9,97.6,41.9
45087,17.9,98.5,38.1
45089,20.0,97.1,42.0
45091,6.7,98.5,41.0
46003,14.3,98.9,21.2
46005,9.5,93.2,25.8
46007,15.9,88.1,25.9
46009,14.2,98.7,22.8
46011,10.9,99.1,42.5
46013,8.1,98.7,32.2
46015,14.4,97.4,12.1
46017,13.7,85.8,26.1
46019,12.5,98.8,31.3
46021,32.2,99.4,23.9
46023,18.0,97.2,26.1
46025,16.6,98.5,24.7
46027,10.0,99.6,50.5
46029,6.9,97.7,35.2
46031,19.9,90.2,37.1
46033,22.3,98.1,39.9
46035,6.7,99.3,31.8
46037,31.3,99.7,40.8
46039,17.5,98.3,14.8
46041,18.2,89.4,25.3
46043,11.0,98.3,24.6
46045,22.1,99.7,5.4
46047,26.3,98.9,24.2
46049,21.5,99.5,14.2
46051,10.1,99.6,27.4
46053,23.1,98.0,32.8
46055,17.8,99.4,13.7
46057,21.8,97.9,11.8
46059,18.0,100.0,16.6
46061,10.4,99.3,29.9
46063,23.1,99.6,6.0
46065,6.9,97.5,23.6
46067,15.0,98.8,35.4
46069,19.1,97.4,19.8
46071,26.1,87.2,29.6
46073,14.9,98.7,10.3
46075,22.9,100.0,26.9
46077,15.0,98.6,21.7
46079,15.8,99.6,30.6
46081,20.1,99.1,29.6
46083,4.2,99.0,20.5
46085,20.4,93.2,17.1
46087,13.3,99.0,19.7
46089,27.4,100.0,25.3
46091,30.6,98.4,16.9
46093,6.3,96.8,28.1
46095,19.4,91.2,30.5
46097,22.2,98.2,39.0
46099,5.6,97.8,32.7
46101,7.0,98.1,18.1
46102,19.6,68.6,29.1
46103,9.4,97.9,40.0
46105,27.3,99.6,35.1
46107,35.0,100.0,21.1
46109,24.7,97.4,28.3
46111,16.1,99.5,20.2
46115,18.5,98.9,17.8
46117,13.7,98.0,44.4
46119,26.5,100.0,10.4
46121,12.2,85.3,33.6
46123,21.4,99.6,43.2
46125,12.3,99.2,35.0
46127,8.2,99.0,11.8
46129,24.4,98.5,28.9
46135,6.6,99.6,33.7
46137,23.1,86.0,42.2
47001,12.5,98.1,37.3
47003,9.2,95.7,34.4
47005,26.3,97.3,43.7
47007,19.0,96.6,29.4
47009,12.0,98.8,37.5
47011,7.8,97.3,37.2
47013,23.2,99.3,34.4
47015,10.7,98.0,27.7
47017,14.4,98.2,39.8
47019,15.1,98.8,44.1
47021,8.3,97.9,45.1
47023,15.4,98.0,34.5
47025,14.8,98.7,41.1
47027,26.7,97.4,40.1
47029,16.8,98.5,35.8
47031,9.2,97.2,31.8
47033,15.8,96.3,41.7
47035,13.6,98.5,37.7
47037,8.7,97.1,38.1
47039,31.5,99.7,40.3
47041,22.6,97.2,21.4
47043,11.1,97.5,34.2
47045,8.9,97.1,30.5
47047,9.0,99.0,40.9
47049,18.1,97.8,35.1
47051,14.7,98.5,29.5
47053,14.2,98.0,41.2
47055,16.8,97.7,29.0
47057,17.3,97.4,28.0
47059,15.7,98.2,36.6
47061,23.9,96.8,44.5
47063,10.2,97.4,44.4
47065,10.9,98.7,40.9
47067,25.3,98.3,27.6
47069,20.7,99.0,42.8
47071,28.2,97.3,36.7
47073,13.6,98.1,37.2
47075,15.6,98.1,46.5
47077,16.4,97.4,49.7
47079,21.4,98.8,39.1
47081,14.2,97.6,47.1
47083,29.0,98.9,36.0
47085,21.1,98.3,46.2
47087,22.2,98.2,27.3
47089,16.2,97.2,33.9
47091,22.9,98.1,47.2
47093,9.1,98.6,38.4
47095,17.0,98.2,30.5
47097,14.1,96.6,43.2
47099,11.6,96.9,36.0
47101,15.4,97.5,29.2
47103,11.5,97.5,44.7
47105,11.0,97.2,32.6
47107,13.0,98.5,45.5
47109,16.2,98.1,34.8
47111,9.6,98.4,33.6
47113,13.3,98.8,46.9
47115,13.6,98.0,42.1
47117,10.6,97.7,27.1
47119,8.6,97.8,33.7
47121,16.8,97.5,39.3
47123,17.5,97.3,36.1
47125,12.0,98.1,36.4
47127,12.9,98.8,23.6
47129,17.7,96.5,36.0
47131,12.6,98.1,35.2
47133,13.6,98.0,34.9
47135,29.1,95.8,36.2
47137,37.4,99.0,21.5
47139,18.3,97.4,38.6
47141,8.4,98.3,44.9
47143,13.6,98.6,45.2
47145,15.8,98.4,34.8
47147,6.5,97.4,36.5
47149,5.3,97.8,35.5
47151,14.6,99.1,36.1
47153,14.8,96.6,24.0
47155,35.1,97.3,36.3
47157,13.4,97.6,45.1
47159,12.9,97.8,24.4
47161,22.3,99.2,23.8
47163,11.0,98.3,36.3
47165,6.6,98.6,39.2
47167,9.2,98.1,33.9
47169,15.5,99.1,43.8
47171,14.4,98.6,42.4
47173,21.4,96.9,44.5
47175,19.6,99.0,21.2
47177,12.0,98.7,33.2
47179,11.5,98.7,41.3
47181,19.9,98.5,31.7
47183,12.7,99.3,41.7
47185,16.5,98.4,46.4
47187,4.3,98.8,34.0
47189,6.3,98.8,36.3
48001,18.4,95.9,38.1
48003,12.2,93.7,30.1
48005,15.4,95.0,41.9
48007,40.5,97.5,48.0
48009,19.3,98.4,27.1
48011,23.9,99.1,17.7
48013,14.5,92.7,29.0
48015,16.1,94.4,49.3
48017,16.6,90.0,33.0
48019,29.8,97.8,39.0
48021,13.8,94.3,35.3
48023,38.1,100.0,24.1
48025,20.2,94.5,43.1
48027,14.5,96.7,34.3
48029,8.2,95.7,40.2
48031,26.5,96.0,25.3
48033,42.1,100.0,9.4
48035,27.5,95.9,26.3
48037,16.0,97.3,41.9
48039,10.2,95.9,32.6
48041,9.5,96.4,52.0
48043,28.3,96.9,25.7
48045,32.8,96.2,22.8
48047,33.7,95.0,49.7
48049,25.8,98.9,35.1
48051,27.5,95.3,33.7
48053,24.6,97.6,36.7
48055,9.6,94.3,39.3
48057,34.7,91.4,32.9
48059,20.3,98.7,19.4
48061,17.6,88.7,45.0
48063,17.5,95.9,41.7
48065,17.7,99.5,13.6
48067,18.6,96.5,26.3
48069,22.6,94.3,22.1
48071,10.7,97.6,29.4
48073,15.5,93.5,37.4
48075,22.3,99.7,28.6
48077,21.6,97.7,41.7
48079,26.4,91.6,54.3
48081,41.6,98.7,46.6
48083,37.3,98.9,40.1
48085,4.8,97.6,33.4
48087,26.1,96.0,45.0
48089,28.4,96.1,27.5
48091,12.0,97.4,34.9
48093,30.1,95.6,29.9
48095,52.0,100.0,38.4
48097,9.7,96.6,34.4
48099,14.8,97.5,34.4
48101,37.4,98.2,28.7
48103,11.4,95.4,29.3
48105,20.9,93.7,40.5
48107,28.6,94.0,26.0
48109,27.9,94.7,47.4
48111,16.9,96.4,20.7
48113,8.1,93.2,38.4
48115,16.3,98.0,29.4
48117,13.2,96.1,27.4
48119,17.7,98.7,48.0
48121,5.3,97.6,36.5
48123,21.1,94.5,38.9
48125,38.9,96.4,20.5
48127,20.9,91.1,31.7
48129,42.7,97.2,38.0
48131,31.1,93.0,28.1
48133,37.3,98.0,18.8
48135,9.7,94.3,31.4
48137,62.3,97.8,11.1
48139,6.6,96.5,38.3
48141,9.2,94.3,39.3
48143,21.9,96.9,46.6
48145,30.2,95.8,35.5
48147,16.1,97.6,33.9
48149,33.3,97.6,26.3
48151,22.8,97.3,19.5
48153,22.1,94.0,31.7
48155,37.5,99.5,8.9
48157,4.9,96.7,36.8
48159,32.5,96.9,37.4
48161,22.9,97.6,35.8
48163,23.7,90.3,22.9
48165,10.9,94.1,20.4
48167,17.4,97.0,39.3
48169,23.3,98.3,25.1
48171,17.1,95.7,38.9
48173,15.0,97.1,5.1
48175,26.6,96.4,35.4
48177,21.0,90.0,26.4
48179,20.7,97.0,38.9
48181,13.4,96.9,36.1
48183,11.5,96.5,43.1
48185,19.4,96.3,31.4
48187,6.7,96.7,32.1
48189,16.4,93.9,31.2
48191,35.4,96.8,26.8
48193,30.7,97.7,27.2
48195,17.6,95.8,36.5
48197,32.9,98.2,12.1
48199,13.7,98.4,31.4
48201,8.8,94.3,39.9
48203,17.5,96.5,34.1
48205,10.7,96.3,22.6
48207,38.2,97.1,53.0
48209,7.2,96.2,48.8
48211,18.0,95.5,23.0
48213,25.1,96.9,39.1
48215,13.2,87.7,44.5
48217,22.0,95.1,38.7
48219,13.5,95.3,32.7
48221,17.2,97.1,44.5
48223,13.3,95.6,40.0
48225,28.4,97.1,62.8
48227,16.0,96.9,34.7
48229,42.9,93.9,31.7
48231,15.0,95.9,42.3
48233,26.5,96.8,35.4
48235,26.1,96.0,25.2
48237,25.7,97.5,29.0
48239,21.1,94.8,30.7
48241,29.9,97.5,36.1
48243,41.8,94.4,5.4
48245,12.7,97.3,39.5
48247,32.6,93.4,43.0
48249,16.6,93.7,46.4
48251,8.2,96.9,36.9
48253,22.7,98.9,27.5
48255,26.8,94.1,24.3
48257,8.9,97.2,36.7
48259,11.1,98.5,38.0
48261,39.9,88.8,10.0
48263,40.5,98.2,50.0
48265,15.2,96.9,34.9
48267,41.2,98.8,28.8
48269,29.9,96.0,3.6
48271,38.2,97.8,14.7
48273,16.9,93.2,42.7
48275,32.7,96.3,24.5
48277,15.8,97.2,37.6
48279,21.3,96.3,25.8
48281,15.5,98.5,37.3
48283,28.2,90.6,27.8
48285,26.1,92.7,22.1
48287,20.4,96.1,38.4
48289,35.4,97.0,34.7
48291,14.2,95.5,38.0
48293,23.8,96.9,36.6
48295,17.4,96.8,19.8
48297,42.0,97.3,36.3
48299,42.0,96.2,38.8
48301,47.5,100.0,28.6
48303,10.5,96.8,44.5
48305,19.7,97.6,28.7
48307,26.9,97.7,45.4
48309,10.7,96.9,43.8
48311,47.8,86.1,0.0
48313,20.2,92.6,27.2
48315,29.5,97.4,49.4
48317,13.8,92.5,18.3
48319,39.5,99.8,37.7
48321,28.1,96.4,32.0
48323,10.0,87.4,32.2
48325,17.6,96.1,24.1
48327,46.1,95.0,34.3
48329,6.8,93.7,33.5
48331,17.3,96.0,38.3
48333,37.4,97.8,31.7
48335,35.0,97.2,15.5
48337,21.5,97.8,39.3
48339,8.4,96.0,33.9
48341,16.1,90.5,23.4
48343,16.9,95.6,30.9
48345,38.9,93.6,29.1
48347,15.6,96.5,46.1
48349,16.1,95.4,35.4
48351,34.1,99.5,31.4
48353,21.6,96.9,29.5
48355,12.3,95.0,38.2
48357,12.7,93.7,13.5
48359,21.8,95.9,31.6
48361,11.9,96.9,35.0
48363,32.3,94.8,48.0
48365,18.6,97.6,26.3
48367,10.1,96.9,34.8
48369,15.1,89.9,32.2
48371,21.7,96.0,32.4
48373,28.6,96.3,38.5
48375,12.0,93.9,40.7
48377,35.2,91.6,25.3
48379,18.9,96.0,30.6
48381,9.0,97.6,32.8
48383,11.7,97.6,23.3
48385,58.3,98.4,33.9
48387,24.4,98.9,36.5
48389,19.4,95.0,30.5
48391,27.9,96.0,41.0
48393,22.0,100.0,12.8
48395,27.3,96.5,44.6
48397,4.7,98.0,37.7
48399,28.2,97.9,22.5
48401,16.3,97.3,34.9
48403,53.4,97.9,58.0
48405,40.9,95.5,33.6
48407,30.0,96.7,41.7
48409,15.4,93.9,32.9
48411,32.9,98.0,46.3
48413,26.5,94.4,25.7
48415,18.7,95.8,29.0
48417,28.6,95.5,40.3
48419,23.7,96.4,43.0
48421,24.2,97.2,44.7
48423,12.8,96.9,42.5
48425,14.7,91.1,43.4
48427,17.3,87.3,48.2
48429,31.9,96.7,29.2
48431,24.1,97.8,2.2
48433,43.5,95.2,24.5
48435,25.2,93.3,11.6
48437,18.6,95.5,46.9
48439,7.8,95.4,38.1
48441,13.2,97.8,39.2
48443,53.3,100.0,57.4
48445,14.7,95.0,36.5
48447,33.0,98.9,28.3
48449,12.8,91.4,28.9
48451,10.2,97.3,36.9
48453,8.2,95.6,39.3
48455,33.4,97.0,44.2
48457,31.9,95.5,51.5
48459,17.0,95.1,35.2
48461,19.4,96.4,29.4
48463,22.3,95.0,38.0
48465,20.0,92.9,31.0
48467,16.5,97.3,34.8
48469,10.3,95.1,36.0
48471,16.4,97.0,48.8
48473,11.0,93.4,46.8
48475,16.8,96.1,23.6
48477,23.0,97.3,42.2
48479,9.5,86.0,47.7
48481,12.7,95.6,30.7
48483,15.9,94.4,20.2
48485,13.3,97.4,39.9
48487,17.7,97.0,22.3
48489,20.6,89.8,36.6
48491,6.2,97.7,34.7
48493,9.1,95.2,32.2
48495,16.0,96.8,33.5
48497,11.1,96.6,39.7
48499,23.7,97.7,42.9
48501,12.4,91.2,14.5
48503,18.6,96.7,28.4
48505,29.7,85.8,41.0
48507,18.5,93.5,61.2
49001,22.5,94.1,34.4
49003,7.6,98.3,25.4
49005,7.9,96.9,38.0
49007,19.7,97.7,35.2
49009,86.2,99.4,0.0
49011,3.9,97.7,31.7
49013,33.8,95.3,37.2
49015,22.3,97.3,25.6
49017,54.8,97.7,28.9
49019,25.9,96.3,45.7
49021,24.0,97.3,41.3
49023,9.8,95.1,23.3
49025,57.8,99.0,29.5
49027,15.6,97.6,21.7
49029,5.0,98.5,26.5
49031,44.2,98.1,26.5
49033,79.9,96.7,34.9
49035,5.5,96.5,36.2
49037,32.3,91.9,15.2
49039,21.6,94.4,27.9
49041,17.1,98.1,30.5
49043,46.2,97.9,32.4
49045,6.8,97.9,31.2
49047,21.2,96.3,30.8
49049,4.7,95.4,38.4
49051,25.9,96.1,36.8
49053,18.8,95.3,41.1
49055,40.0,97.0,33.5
49057,9.2,97.1,34.5
50001,14.6,98.9,34.2
50003,27.6,98.8,35.1
50005,25.7,98.3,39.5
50007,5.2,98.4,45.3
50009,46.9,98.9,35.4
50011,16.4,98.3,34.4
50013,43.4,99.1,35.3
50015,22.6,98.2,39.0
50017,19.5,97.9,39.7
50019,32.7,98.6,43.8
50021,26.6,95.8,42.8
50023,19.0,99.0,35.3
50025,37.0,98.1,45.1
50027,30.3,98.5,41.0
51001,36.3,98.2,42.2
51003,9.9,99.0,38.9
51005,14.7,99.0,43.2
51007,14.6,96.6,43.8
51009,14.3,97.9,37.5
51011,17.4,98.6,45.0
51013,8.4,97.1,30.0
51015,10.5,99.3,36.9
51017,44.9,97.2,8.6
51019,14.8,99.2,34.8
51021,22.2,97.7,55.2
51023,10.4,99.4,30.9
51025,26.5,99.2,46.5
51027,22.1,99.1,41.2
51029,22.5,98.3,45.5
51031,11.6,99.1,34.1
51033,10.7,98.6,31.5
51035,25.2,99.1,33.4
51036,12.8,99.0,37.0
51037,29.0,99.9,43.7
51041,5.4,98.8,38.9
51043,11.4,99.5,51.8
51045,19.5,100.0,15.3
51047,8.0,97.0,41.5
51049,15.4,97.9,35.1
51051,19.7,99.0,54.2
51053,11.2,98.8,42.5
51057,23.4,97.9,46.3
51059,4.3,96.6,35.7
51061,9.2,99.0,37.3
51063,19.4,99.4,20.2
51065,9.0,98.9,31.6
51067,22.1,98.1,34.2
51069,7.8,97.7,33.5
51071,15.1,98.8,25.3
51073,9.7,99.4,36.7
51075,8.7,98.7,30.4
51077,27.8,99.5,42.2
51079,10.3,98.4,26.1
51081,12.5,98.2,41.8
51083,22.5,98.8,39.4
51085,5.2,99.3,34.3
51087,6.9,98.6,38.9
51089,15.6,97.9,33.2
51091,43.8,99.6,8.7
51093,7.8,98.8,34.2
51095,12.2,99.0,44.8
51097,19.2,96.1,34.1
51099,9.6,99.2,31.1
51101,10.1,98.5,40.7
51103,33.0,99.5,32.2
51105,21.3,98.8,47.0
51107,3.9,98.2,37.1
51109,21.0,98.2,39.3
51111,25.1,97.3,34.3
51113,15.3,98.1,39.5
51115,34.3,100.0,27.6
51117,37.6,98.8,32.2
51119,37.9,98.5,32.4
51121,10.1,98.2,46.0
51125,35.3,97.7,24.9
51127,6.4,97.4,29.0
51131,29.9,99.1,37.5
51133,37.3,98.6,38.0
51135,16.5,96.3,46.5
51137,10.1,96.7,36.5
51139,19.1,98.1,42.2
51141,24.2,98.1,44.1
51143,15.6,98.9,39.3
51145,5.5,99.4,25.0
51147,22.4,98.7,34.1
51149,8.4,99.0,46.0
51153,4.6,96.6,40.4
51155,15.7,99.3,26.5
51157,20.6,99.8,51.0
51159,17.0,98.1,38.5
51161,5.6,99.2,32.3
51163,19.3,99.2,39.8
51165,12.6,98.2,33.5
51167,18.0,99.5,42.2
51169,24.8,98.3,43.7
51171,18.3,98.0,38.2
51173,16.7,98.7,37.2
51175,12.2,98.8,41.4
51177,7.1,98.3,45.2
51179,4.2,99.0,38.7
51181,21.8,97.6,36.0
51183,18.3,99.0,46.7
51185,16.6,99.1,30.8
51187,12.3,98.5,37.6
51191,13.6,99.5,34.9
51193,31.7,99.2,44.8
51195,15.8,99.2,47.8
51197,16.9,99.3,37.6
51199,11.5,98.7,37.0
51510,9.0,95.7,33.8
51520,15.3,99.4,47.0
51530,10.0,100.0,44.6
51540,9.5,98.5,42.6
51550,6.6,98.7,44.0
51570,8.5,98.7,44.1
51580,20.5,96.7,47.9
51590,16.6,97.7,37.2
51595,10.0,96.3,45.5
51600,3.9,97.1,42.5
51610,8.6,96.4,37.6
51620,10.1,99.8,45.2
51630,9.8,98.0,41.1
51640,18.6,98.6,46.2
51650,10.9,96.9,44.6
51660,7.2,96.3,44.1
51670,11.2,96.9,38.4
51678,13.9,100.0,44.8
51680,12.9,98.5,45.7
51683,6.8,95.3,48.1
51685,2.4,96.2,32.0
51690,19.2,99.0,36.7
51700,11.3,97.5,43.3
51710,9.8,97.6,46.5
51720,7.1,98.2,47.4
51730,19.1,97.3,50.4
51735,4.0,100.0,41.8
51740,10.5,98.4,48.6
51750,15.4,99.4,51.8
51760,10.5,98.2,47.1
51770,10.1,98.3,42.1
51775,7.8,98.7,36.5
51790,11.1,98.9,38.6
51800,9.2,98.7,42.7
51810,8.2,98.7,40.0
51820,8.3,98.3,37.7
51830,9.4,96.9,49.0
51840,11.3,96.3,39.4
53001,10.1,87.0,29.0
53003,7.5,98.2,35.3
53005,4.9,96.3,37.9
53007,25.8,96.5,33.4
53009,11.5,98.0,43.2
53011,4.9,97.2,38.5
53013,18.4,97.7,35.8
53015,8.0,97.7,45.3
53017,11.6,92.9,34.4
53019,32.0,96.4,31.2
53021,4.7,89.5,36.3
53023,19.7,99.4,42.3
53025,16.4,93.4,27.3
53027,21.7,97.6,39.1
53029,17.6,98.6,38.8
53031,24.0,99.2,44.7
53033,5.7,96.5,36.6
53035,9.4,98.2,38.7
53037,23.5,98.2,50.6
53039,19.1,95.9,41.6
53041,13.6,96.7,43.3
53043,25.8,98.4,30.6
53045,30.6,96.9,43.5
53047,25.4,95.2,35.7
53049,45.2,98.5,38.5
53051,30.9,96.3,39.6
53053,7.8,97.2,42.0
53055,44.5,96.7,38.7
53057,10.6,94.5,44.0
53059,18.3,98.0,35.6
53061,6.0,97.1,38.9
53063,7.6,98.2,41.8
53065,18.5,97.7,42.5
53067,6.8,98.1,40.6
53069,13.5,98.0,53.8
53071,8.1,96.9,42.0
53073,11.6,97.1,48.3
53075,13.1,98.8,50.8
53077,6.9,91.7,38.0
54001,20.4,99.1,36.7
54003,10.1,97.4,35.5
54005,16.6,98.3,47.7
54007,26.0,98.4,30.2
54009,8.4,98.1,34.7
54011,13.3,99.0,44.6
54013,29.3,99.7,36.4
54015,27.3,98.7,32.3
54017,32.3,98.9,38.2
54019,17.9,98.6,36.4
54021,23.0,98.9,37.6
54023,33.3,99.3,33.6
54025,20.6,98.8,34.1
54027,30.6,97.9,33.4
54029,11.5,99.1,35.1
54031,32.3,98.2,25.1
54033,12.9,98.4,38.0
54035,16.7,98.8,41.8
54037,8.8,98.4,38.7
54039,13.2,99.0,33.8
54041,17.2,97.8,38.7
54043,19.0,98.6,54.8
54045,17.0,98.9,42.6
54047,31.4,98.4,52.5
54049,13.8,98.6,35.5
54051,19.6,99.0,37.6
54053,15.1,98.4,36.4
54055,16.6,99.2,41.8
54057,14.1,99.0,29.2
54059,14.7,99.3,51.0
54061,14.3,97.0,46.2
54063,23.8,98.5,29.3
54065,28.1,98.2,34.1
54067,18.8,98.2,42.7
54069,14.9,99.0,36.2
54071,41.6,98.6,18.6
54073,15.5,99.2,26.6
54075,59.0,99.4,33.4
54077,17.8,98.9,35.2
54079,9.4,99.1,29.5
54081,14.1,98.9,38.0
54083,20.0,99.2,31.9
54085,34.5,99.8,36.2
54087,21.6,98.7,39.7
54089,28.8,98.1,33.1
54091,12.2,99.4,19.4
54093,45.1,99.4,38.0
54095,28.7,98.3,39.5
54097,17.3,98.9,31.0
54099,15.6,99.1,44.9
54101,32.2,99.8,57.0
54103,26.7,99.2,44.2
54105,26.2,97.8,44.9
54107,10.3,99.1,39.9
54109,15.9,97.5,34.7
55001,53.6,98.8,39.2
55003,32.6,98.6,36.2
55005,19.8,98.2,34.4
55007,48.2,98.1,28.3
55009,4.6,97.8,33.5
55011,14.9,98.6,33.1
55013,52.7,98.6,36.4
55015,4.8,98.8,33.8
55017,9.8,98.2,33.7
55019,15.7,96.3,21.3
55021,11.8,98.7,29.4
55023,26.0,98.6,31.1
55025,4.1,98.0,39.3
55027,9.5,98.8,31.6
55029,46.4,99.1,29.7
55031,18.9,98.8,32.2
55033,9.1,98.3,32.6
55035,6.7,98.5,38.6
55037,58.8,97.6,24.9
55039,7.7,98.4,33.3
55041,55.8,97.4,27.2
55043,11.5,98.2,33.4
55045,6.4,98.9,29.0
55047,25.8,98.4,30.8
55049,9.4,98.7,28.3
55051,50.9,97.7,41.0
55053,17.6,97.5,26.5
55055,8.0,98.4,32.0
55057,32.3,98.0,31.8
55059,9.7,98.2,41.1
55061,12.4,98.5,29.0
55063,5.5,98.5,38.3
55065,7.7,97.6,29.8
55067,30.7,98.8,37.4
55069,26.3,98.7,23.9
55071,8.7,99.0,27.8
55073,6.8,98.2,31.3
55075,39.5,98.8,36.5
55077,35.6,98.0,26.2
55078,41.9,90.5,20.7
55079,8.6,97.5,42.8
55081,9.7,98.4,30.4
55083,34.8,98.4,27.5
55085,51.2,99.5,33.2
55087,4.7,98.4,31.7
55089,5.1,99.1,33.2
55091,17.5,99.4,27.6
55093,6.9,98.9,29.0
55095,25.6,98.9,32.6
55097,8.4,98.5,38.8
55099,40.0,98.6,28.0
55101,8.3,98.8,39.9
55103,15.2,98.7,34.6
55105,6.2,98.2,37.9
55107,30.8,98.0,33.0
55109,5.0,98.4,29.7
55111,14.9,98.1,38.6
55113,53.5,97.3,36.6
55115,18.2,98.6,28.1
55117,6.5,98.2,27.9
55119,17.8,98.2,33.2
55121,8.2,98.3,28.0
55123,13.4,97.0,36.1
55125,58.0,98.4,42.6
55127,22.6,98.0,40.4
55129,45.9,98.8,36.0
55131,4.0,99.2,31.6
55133,4.1,99.0,34.9
55135,14.9,99.1,32.0
55137,34.5,98.5,38.7
55139,6.8,98.9,35.5
55141,7.2,99.2,34.1
56001,16.0,97.6,48.3
56003,17.8,97.9,27.1
56005,12.2,97.3,29.3
56007,29.0,96.9,18.7
56009,15.0,96.0,15.3
56011,17.2,98.3,21.0
56013,15.5,96.3,26.7
56015,11.7,99.0,24.0
56017,13.2,97.9,23.3
56019,17.8,99.3,25.3
56021,9.4,98.8,35.9
56023,23.5,97.3,20.2
56025,9.3,98.0,31.7
56027,27.5,98.7,35.7
56029,16.8,99.1,24.6
56031,22.1,99.7,29.8
56033,10.4,99.2,28.7
56035,46.3,99.3,18.1
56037,16.7,97.6,30.0
56039,34.9,94.8,27.3
56041,13.8,97.3,27.9
56043,9.5,98.4,31.2
56045,10.7,99.0,30.6
72001,20.0,97.9,46.7
72003,26.2,96.0,45.3
72005,21.9,97.7,42.8
72007,20.4,97.9,38.7
72009,13.8,95.5,45.1
72011,26.3,97.1,45.9
72013,21.9,98.1,48.1
72015,27.9,93.9,51.7
72017,18.6,96.8,41.5
72019,16.3,93.0,71.7
72021,16.9,97.4,47.5
72023,44.4,95.4,43.9
72025,14.9,97.0,44.7
72027,18.2,97.5,47.4
72029,18.4,93.5,37.7
72031,17.3,97.1,40.4
72033,15.4,94.7,45.5
72035,18.1,97.5,43.7
72037,39.2,94.4,29.7
72039,18.9,96.8,29.6
72041,18.5,96.6,46.7
72043,16.3,95.5,43.9
72045,19.4,96.8,55.8
72047,15.2,94.4,51.7
72049,65.6,92.3,29.8
72051,23.6,94.5,45.2
72053,32.9,94.4,47.1
72054,12.3,96.1,70.5
72055,40.9,96.4,56.3
72057,20.2,97.7,51.2
72059,20.6,98.1,57.8
72061,17.8,97.7,42.4
72063,12.7,97.2,48.0
72065,14.2,99.0,50.8
72067,18.2,97.0,44.9
72069,31.5,95.2,49.3
72071,25.2,97.5,48.6
72073,22.2,96.7,37.5
72075,15.6,97.3,36.1
72077,18.7,95.4,51.2
72079,33.4,95.0,46.4
72081,17.8,97.3,35.3
72083,22.6,92.0,69.1
72085,19.8,95.7,53.6
72087,22.8,93.2,46.6
72089,36.6,95.4,55.0
72091,16.2,92.4,54.9
72093,27.0,93.3,58.5
72095,25.4,91.2,37.4
72097,27.7,97.5,55.8
72099,17.6,97.6,50.9
72101,14.2,97.7,45.2
72103,27.9,95.5,46.5
72105,18.2,96.4,44.0
72107,20.3,97.4,41.8
72109,27.5,97.1,42.7
72111,18.3,95.2,60.3
72113,19.6,97.1,44.1
72115,18.3,98.0,57.0
72117,46.2,98.5,39.0
72119,30.6,95.3,46.6
72121,29.7,97.4,44.6
72123,22.7,97.4,48.0
72125,24.0,95.7,52.2
72127,24.3,97.5,47.3
72129,16.6,96.4,53.3
72131,19.5,98.2,49.6
72133,17.6,97.5,47.8
72135,14.0,96.1,51.3
72137,19.6,96.0,44.6
72139,17.1,95.2,32.5
72141,26.9,98.9,47.2
72143,22.1,95.0,52.3
72145,28.0,97.7,43.3
72147,49.9,95.0,46.4
72149,14.7,96.0,29.3
72151,18.7,97.1,57.7
72153,38.0,98.1,51.6
